name,12/31/2023,09/30/2023,06/30/2023,03/31/2023,12/31/2022,09/30/2022,06/30/2022,03/31/2022,12/31/2021,09/30/2021,06/30/2021,03/31/2021,12/31/2020,09/30/2020,06/30/2020,03/31/2020,12/31/2019,09/30/2019,06/30/2019,03/31/2019,12/31/2018,09/30/2018,06/30/2018,03/31/2018,12/31/2017,09/30/2017,06/30/2017,03/31/2017,12/31/2016,09/30/2016,06/30/2016,03/31/2016,12/31/2015,09/30/2015,06/30/2015,03/31/2015,12/31/2014,09/30/2014,06/30/2014,03/31/2014,12/31/2013,09/30/2013,06/30/2013,03/31/2013,12/31/2012,09/30/2012,06/30/2012,03/31/2012,12/31/2011,09/30/2011,06/30/2011,03/31/2011,12/31/2010,09/30/2010,06/30/2010,03/31/2010,12/31/2009,09/30/2009,06/30/2009,03/31/2009,12/31/2008,09/30/2008,06/30/2008,03/31/2008,12/31/2007,09/30/2007,06/30/2007,03/31/2007,12/31/2006,09/30/2006,06/30/2006,03/31/2006,12/31/2005,09/30/2005,06/30/2005,03/31/2005,12/31/2004,09/30/2004,06/30/2004
TotalAssets,"402,392,000,000","396,711,000,000","383,044,000,000","369,491,000,000","365,264,000,000","358,255,000,000","355,185,000,000","357,096,000,000","359,268,000,000","347,403,000,000","335,387,000,000","327,095,000,000","319,616,000,000","299,243,000,000","278,492,000,000","273,403,000,000","275,909,000,000","263,044,000,000","257,101,000,000","245,349,000,000","232,792,000,000","221,538,000,000","211,610,000,000","206,935,000,000","197,295,000,000","189,536,000,000","178,621,000,000","172,756,000,000","167,497,000,000","159,948,000,000","154,292,000,000","149,747,000,000","147,461,000,000","144,281,000,000","138,807,000,000","133,400,000,000","129,187,000,000","125,781,000,000","121,608,000,000","116,526,000,000","110,920,000,000","105,068,000,000","101,182,000,000","96,692,000,000","93,798,000,000","89,730,000,000","86,051,000,000","77,144,000,000","72,574,000,000","69,088,000,000","64,861,000,000","59,960,000,000","57,851,000,000","53,342,000,000","48,045,000,000","42,871,000,000","40,497,000,000","37,702,845,000","35,158,760,000","33,513,029,000","31,767,575,000","30,806,974,000","29,179,786,000","27,604,982,000","25,335,806,000","23,340,650,000","21,423,885,000","20,015,438,000","18,473,351,000","15,693,232,000","14,396,006,000","11,294,870,000","10,271,813,000","9,451,001,000","4,497,718,000","3,865,199,000","3,313,351,000","2,888,518,000","1,328,022,000"
	CurrentAssets,"171,530,000,000","176,310,000,000","168,788,000,000","161,985,000,000","164,795,000,000","166,109,000,000","172,371,000,000","177,853,000,000","188,143,000,000","184,110,000,000","175,697,000,000","172,137,000,000","174,296,000,000","164,369,000,000","149,069,000,000","147,018,000,000","152,578,000,000","148,358,000,000","147,437,000,000","138,207,000,000","135,676,000,000","129,702,000,000","124,157,000,000","123,761,000,000","124,308,000,000","119,345,000,000","112,386,000,000","108,794,000,000","105,408,000,000","98,546,000,000","94,238,000,000","90,955,000,000","90,114,000,000","88,103,000,000","84,164,000,000","80,313,000,000","78,656,000,000","80,115,000,000","77,905,000,000","75,314,000,000","72,886,000,000","68,858,000,000","66,861,000,000","62,808,000,000","60,454,000,000","56,821,000,000","53,857,000,000","56,859,000,000","52,758,000,000","50,042,000,000","46,442,000,000","43,310,000,000","41,562,000,000","39,447,000,000","35,161,000,000","31,132,000,000","29,167,000,000","26,353,544,000","23,834,853,000","22,080,802,000","20,178,182,000","17,962,851,000","16,316,837,000","15,464,931,000","17,289,138,000","15,733,761,000","14,857,523,000","14,080,774,000","13,039,847,000","11,858,243,000","11,058,107,000","9,555,957,000","9,001,071,000","8,382,685,000","3,649,210,000","3,158,474,000","2,693,465,000","2,360,211,000","881,889,000"
		CashCashEquivalentsAndShortTermInvestments,"110,916,000,000","119,935,000,000","118,332,000,000","115,102,000,000","113,762,000,000","116,259,000,000","124,997,000,000","133,970,000,000","139,649,000,000","142,003,000,000","135,863,000,000","135,104,000,000","136,694,000,000","132,596,000,000","121,080,000,000","117,229,000,000","119,675,000,000","121,177,000,000","121,056,000,000","113,488,000,000","109,140,000,000","106,416,000,000","102,254,000,000","102,885,000,000","101,871,000,000","100,143,000,000","94,713,000,000","92,439,000,000","86,333,000,000","83,056,000,000","78,460,000,000","75,264,000,000","73,066,000,000","72,767,000,000","69,780,000,000","65,436,000,000","62,633,000,000","60,058,000,000","58,315,000,000","57,276,000,000","57,447,000,000","54,739,000,000","52,380,000,000","48,561,000,000","47,159,000,000","44,624,000,000","41,722,000,000","47,616,000,000","44,626,000,000","40,660,000,000","38,202,000,000","35,375,000,000","33,375,000,000","31,380,000,000","27,159,000,000","26,514,000,000","24,485,000,000","21,994,391,000","19,344,006,000","17,784,933,000","15,845,771,000","14,412,609,000","12,733,669,000","12,134,508,000","14,218,613,000","13,087,345,000","12,503,535,000","11,935,919,000","11,243,914,000","10,428,715,000","9,821,632,000","8,429,028,000","8,034,247,000","7,630,147,000","2,947,967,000","2,507,298,000","2,132,297,000","1,858,356,000","548,687,000"
			CashAndCashEquivalents,"24,048,000,000","30,702,000,000","25,929,000,000","25,924,000,000","21,879,000,000","21,984,000,000","17,936,000,000","20,886,000,000","20,945,000,000","23,719,000,000","23,630,000,000","26,622,000,000","26,465,000,000","20,129,000,000","17,742,000,000","19,644,000,000","18,498,000,000","16,032,000,000","16,587,000,000","19,148,000,000","16,701,000,000","13,443,000,000","14,148,000,000","12,658,000,000","10,715,000,000","10,581,000,000","15,711,000,000","18,132,000,000","12,918,000,000","9,406,000,000","13,627,000,000","15,111,000,000","16,549,000,000","18,068,000,000","18,453,000,000","16,976,000,000","16,585,000,000","13,506,000,000","16,731,000,000","14,536,000,000","17,628,000,000","13,458,000,000","14,112,000,000","13,838,000,000","13,849,000,000","15,160,000,000","14,037,000,000","21,408,000,000","9,983,000,000","8,730,000,000","9,404,000,000","11,115,000,000","12,030,000,000","9,257,000,000","7,813,000,000","9,192,000,000","10,198,000,000","12,087,115,000","11,911,351,000","10,426,291,000","8,656,672,000","8,370,469,000","7,363,536,000","6,519,749,000","6,081,593,000","5,106,404,000","4,493,652,000","4,081,340,000","3,544,671,000","3,038,341,000","4,015,922,000","2,935,179,000","3,877,174,000","5,518,569,000","753,472,000","482,572,000","426,873,000","344,469,000","254,698,000"
				CashFinancial,,"9,294,000,000","8,561,000,000","9,691,000,000",,,,,,,,,,,,,,,,,,,,,"7,158,000,000","7,078,000,000","7,385,000,000","7,217,000,000","7,078,000,000","5,882,000,000","5,561,000,000","7,388,000,000","7,380,000,000","10,986,000,000","12,391,000,000","10,929,000,000","9,863,000,000","9,311,000,000","10,087,000,000","9,212,000,000","9,909,000,000","7,822,000,000","9,451,000,000","8,051,000,000","8,066,000,000","6,224,000,000","7,463,000,000","11,239,000,000","4,712,000,000","4,209,000,000","4,347,000,000","5,040,000,000","4,652,000,000","4,046,000,000","2,293,000,000","3,570,000,000","4,303,000,000","3,689,596,000","3,564,341,000","4,070,597,000","3,330,658,000","3,559,448,000","3,469,814,000","2,775,402,000","2,869,528,000","1,020,678,000","2,829,184,000","2,712,325,000","1,579,702,000","2,393,133,000",,,,,,,,,
				CashEquivalents,,"21,408,000,000","17,368,000,000","16,233,000,000",,,,,,,,,,,,,,,,,,,,,"3,557,000,000","3,503,000,000","8,326,000,000","10,915,000,000","5,840,000,000","3,524,000,000","8,066,000,000","7,723,000,000","9,169,000,000","7,082,000,000","6,062,000,000","6,047,000,000","6,722,000,000","4,195,000,000","6,644,000,000","5,324,000,000","7,719,000,000","5,636,000,000","4,661,000,000","5,787,000,000","5,783,000,000","8,936,000,000","6,574,000,000","10,169,000,000","5,271,000,000","4,521,000,000","5,057,000,000","6,075,000,000","7,378,000,000","5,211,000,000","5,520,000,000","5,622,000,000","5,895,000,000","8,397,519,000","8,347,010,000","6,355,694,000","5,326,014,000","4,811,021,000","3,893,722,000","3,744,347,000","3,212,065,000","4,085,726,000","1,664,468,000","1,369,015,000","1,964,969,000","645,208,000",,,,,,,,,
			OtherShortTermInvestments,"86,868,000,000","89,233,000,000","92,403,000,000","89,178,000,000","91,883,000,000","94,275,000,000","107,061,000,000","113,084,000,000","118,704,000,000","118,284,000,000","112,233,000,000","108,482,000,000","110,229,000,000","112,467,000,000","103,338,000,000","97,585,000,000","101,177,000,000","105,145,000,000","104,469,000,000","94,340,000,000","92,439,000,000","92,973,000,000","88,106,000,000","90,227,000,000","91,156,000,000","89,562,000,000","79,002,000,000","74,307,000,000","73,415,000,000","73,650,000,000","64,833,000,000","60,153,000,000","56,517,000,000","54,699,000,000","51,327,000,000","48,460,000,000","46,048,000,000","46,552,000,000","41,584,000,000","42,740,000,000","39,819,000,000","41,281,000,000","38,268,000,000","34,723,000,000","33,310,000,000","29,464,000,000","27,685,000,000","26,208,000,000","34,643,000,000","31,930,000,000","28,798,000,000","24,260,000,000","21,345,000,000","22,123,000,000","19,346,000,000","17,322,000,000","14,287,000,000","9,907,276,000","7,432,655,000","7,358,642,000","7,189,099,000","6,042,140,000","5,370,133,000","5,614,759,000","8,137,020,000","7,980,941,000","8,009,883,000","7,854,579,000","7,699,243,000","7,390,374,000","5,805,710,000","5,493,849,000","4,157,073,000","2,111,578,000","2,194,495,000","2,024,726,000","1,705,424,000","1,513,887,000","293,989,000"
		Receivables,"47,964,000,000","41,020,000,000","38,804,000,000","36,036,000,000","40,258,000,000","36,176,000,000","37,073,000,000","35,622,000,000","39,304,000,000","34,800,000,000","32,851,000,000","28,499,000,000","31,384,000,000","25,513,000,000","21,595,000,000","23,735,000,000","27,492,000,000","21,081,000,000","21,317,000,000","19,260,000,000","21,193,000,000","18,067,000,000","17,244,000,000","16,814,000,000","18,705,000,000","15,577,000,000","14,877,000,000","12,969,000,000","14,232,000,000","12,395,000,000","12,762,000,000","12,972,000,000","13,909,000,000","10,436,000,000","10,019,000,000","10,310,000,000","10,849,000,000","10,019,000,000","9,539,000,000","8,421,000,000","9,390,000,000","8,592,000,000","8,163,000,000","8,670,000,000","8,585,000,000","7,809,000,000","7,341,000,000","5,713,000,000","6,172,000,000","5,861,000,000","5,843,000,000","4,818,000,000","5,002,000,000","4,719,000,000","3,617,000,000","3,084,000,000","3,201,000,000","2,879,604,000","2,847,755,000","2,543,105,000","2,642,192,000","2,541,492,000","2,641,901,000","2,560,909,000","2,307,774,000","1,887,860,000","1,648,680,000","1,477,090,000","1,322,340,000","1,031,055,000","885,088,000","844,378,000","687,976,000","541,815,000","492,004,000","441,932,000","382,345,000","348,127,000","236,234,000"
			AccountsReceivable,"47,964,000,000","41,020,000,000","38,804,000,000","36,036,000,000","40,258,000,000","34,697,000,000","35,707,000,000","34,703,000,000","39,304,000,000","34,047,000,000","31,967,000,000","28,006,000,000","30,930,000,000","24,925,000,000","21,201,000,000","21,825,000,000","25,326,000,000","20,889,000,000","20,965,000,000","19,149,000,000","20,838,000,000","17,897,000,000","17,043,000,000","16,777,000,000","18,336,000,000","15,295,000,000","14,003,000,000","12,913,000,000","14,137,000,000","11,979,000,000","11,686,000,000","10,818,000,000","11,556,000,000","9,749,000,000","9,394,000,000","8,584,000,000","9,383,000,000","8,237,000,000","8,321,000,000","7,827,000,000","8,882,000,000","7,921,000,000","7,321,000,000","7,612,000,000","7,885,000,000","7,259,000,000","6,866,000,000","5,163,000,000","5,427,000,000","4,583,000,000","4,476,000,000","4,216,000,000","4,252,000,000","3,616,000,000","3,308,000,000","3,084,000,000","3,178,000,000","2,807,341,000","2,701,912,000","2,543,105,000","2,642,192,000","2,541,492,000","2,641,901,000","2,560,909,000","2,162,521,000","1,887,860,000","1,648,680,000","1,477,090,000","1,322,340,000","1,031,055,000","885,088,000","844,378,000","687,976,000","541,815,000","419,238,000","371,905,000","311,836,000","233,057,000","191,187,000"
				GrossAccountsReceivable,"48,735,000,000","41,852,000,000","39,640,000,000","36,779,000,000","41,012,000,000","35,428,000,000","36,341,000,000","35,281,000,000","39,854,000,000","34,614,000,000","32,546,000,000","28,725,000,000","31,719,000,000","25,759,000,000","21,989,000,000","22,542,000,000","26,055,000,000","21,532,000,000","21,686,000,000","19,910,000,000","21,567,000,000","18,549,000,000","17,673,000,000","17,313,000,000","19,010,000,000","15,920,000,000","14,549,000,000","13,402,000,000","14,604,000,000","12,377,000,000","11,980,000,000","11,094,000,000","11,852,000,000","10,040,000,000","9,629,000,000","8,784,000,000","9,608,000,000","8,467,000,000","8,590,000,000","8,089,000,000","9,513,000,000","8,407,000,000","7,826,000,000","8,145,000,000","8,466,000,000","7,819,000,000","7,053,000,000","5,310,000,000","5,560,000,000","4,728,000,000","4,616,000,000","4,349,000,000","4,353,000,000","3,681,000,000","3,364,000,000","3,146,000,000","3,257,000,000","2,896,978,000","2,794,937,000","2,655,616,000","2,722,278,000","2,616,751,000","2,709,227,000","2,611,187,000","2,195,408,000","1,925,990,000","1,675,427,000","1,495,652,000","1,339,254,000","1,051,925,000",,,,,,,"315,798,000",,
				AllowanceForDoubtfulAccountsReceivable,"-771,000,000","-832,000,000","-836,000,000","-743,000,000","-754,000,000","-731,000,000","-634,000,000","-578,000,000","-550,000,000","-567,000,000","-579,000,000","-719,000,000","-789,000,000","-834,000,000","-788,000,000","-717,000,000","-729,000,000","-643,000,000","-721,000,000","-761,000,000","-729,000,000","-652,000,000","-630,000,000","-536,000,000","-674,000,000","-625,000,000","-546,000,000","-489,000,000","-467,000,000","-398,000,000","-294,000,000","-276,000,000","-296,000,000","-291,000,000","-235,000,000","-200,000,000","-225,000,000","-230,000,000","-269,000,000","-262,000,000","-631,000,000","-486,000,000","-505,000,000","-533,000,000","-581,000,000","-560,000,000","-187,000,000","-147,000,000","-133,000,000","-145,000,000","-140,000,000","-133,000,000","-101,000,000","-65,000,000","-56,000,000","-62,000,000","-79,000,000","-89,637,000","-93,025,000","-112,511,000","-80,086,000","-75,259,000","-67,326,000","-50,278,000","-32,887,000","-38,130,000","-26,747,000","-18,562,000","-16,914,000","-20,870,000",,,,,,,"-3,962,000",,
			TaxesReceivable,,,,,,"1,479,000,000","1,366,000,000","919,000,000","966,000,000","753,000,000","884,000,000","493,000,000","454,000,000","588,000,000","394,000,000","1,910,000,000","2,166,000,000","192,000,000","352,000,000","111,000,000","355,000,000","170,000,000","201,000,000","37,000,000","369,000,000","282,000,000","874,000,000","56,000,000","95,000,000","416,000,000","576,000,000","1,804,000,000","1,903,000,000","287,000,000","0","901,000,000","591,000,000","957,000,000","1,118,000,000","544,000,000","408,000,000","571,000,000","72,000,000","358,000,000","0",,,,,"133,000,000","347,000,000","27,000,000","0","228,000,000","309,000,000","0","23,000,000","72,263,000","145,843,000",,"0","0","0","0","145,253,000",,,,"0",,,,,,,,"70,509,000",,
			OtherReceivables,,,,,,,,,,,,,,,,,,,,,,,,,,,,,,,"500,000,000","350,000,000","450,000,000","400,000,000","625,000,000","825,000,000","875,000,000","825,000,000","100,000,000","50,000,000","100,000,000","100,000,000","770,000,000","700,000,000","700,000,000","550,000,000","475,000,000","550,000,000","745,000,000","1,145,000,000","1,020,000,000","575,000,000","750,000,000","875,000,000",,,,,,,,,,,"145,253,000",,,,,,,,,,"72,766,000","70,027,000","70,509,000","115,070,000","45,047,000"
		Inventory,,"2,957,000,000","2,231,000,000","2,315,000,000","2,670,000,000","3,156,000,000","1,980,000,000","1,369,000,000","1,170,000,000","1,278,000,000","907,000,000","888,000,000","728,000,000","835,000,000","815,000,000","889,000,000","999,000,000","1,401,000,000","964,000,000","1,053,000,000","1,107,000,000","1,212,000,000","698,000,000","636,000,000","749,000,000","765,000,000","398,000,000","280,000,000","268,000,000","559,000,000",,,"491,000,000",,,,,"279,000,000","293,000,000","337,000,000","426,000,000","235,000,000","342,000,000","648,000,000","505,000,000","618,000,000","634,000,000",,"35,000,000",,,,,,,,,,,,,,,,,,,,,,,,,,,,,,
			RawMaterials,,,,,,,,,,,,,,,,,,,,,,,,,,,,,,,,,,,,,,"0","1,000,000","2,000,000","115,000,000","64,000,000","54,000,000","140,000,000","77,000,000","132,000,000","159,000,000",,"0",,,,,,,,,,,,,,,,,,,,,,,,,,,,,,
			FinishedGoods,,,,,,,,,,,,,,,,,,,,,,,,,,,,,,,,,,,,,,"279,000,000","292,000,000","335,000,000","311,000,000","171,000,000","288,000,000","508,000,000","428,000,000","486,000,000","475,000,000",,"35,000,000",,,,,,,,,,,,,,,,,,,,,,,,,,,,,,
		PrepaidAssets,,,,,,,,,,,,,,,,,,,,,,,,,,,"2,398,000,000","3,106,000,000","4,575,000,000","2,536,000,000","3,016,000,000","2,719,000,000","2,648,000,000","2,688,000,000","3,049,000,000","3,720,000,000","3,412,000,000","2,700,000,000","2,043,000,000","2,138,000,000","3,253,000,000","2,354,000,000","2,776,000,000","2,375,000,000","2,132,000,000","2,440,000,000","2,614,000,000","1,779,000,000","1,710,000,000","1,406,000,000","1,328,000,000","1,497,000,000","1,326,000,000","1,210,000,000","1,419,000,000","1,135,000,000","837,000,000","816,103,000","1,067,116,000","1,317,861,000","1,404,114,000","897,349,000","846,865,000","697,792,000","694,213,000","670,593,000","627,240,000","616,506,000","443,880,000","346,941,000","295,874,000","256,234,000","229,507,000","192,448,000","176,833,000","184,278,000","159,360,000","105,273,000","66,634,000"
		RestrictedCash,,,,,,,,,,,,,,,,,,,,,,,,,,,,,,,,,"1,140,000,000",,,,"1,762,000,000","2,099,000,000","2,889,000,000","2,103,000,000","1,270,000,000","1,784,000,000","2,052,000,000","1,537,000,000","929,000,000","1,100,000,000","1,400,000,000","1,700,000,000","1,300,000,000","1,900,000,000","916,000,000","1,300,000,000","1,600,000,000","2,000,000,000","2,900,000,000",,,,,,,,,,,,,,,,,,,,,,,,
		CurrentDeferredAssets,,,,,,,,,,,,,,,,,,,,,,,,,,,,,,,,,,"2,212,000,000","1,316,000,000","847,000,000","1,322,000,000","1,372,000,000","1,158,000,000","1,166,000,000","1,526,000,000","1,154,000,000","1,148,000,000","1,017,000,000","1,144,000,000","230,000,000","146,000,000","51,000,000","215,000,000","215,000,000","153,000,000","320,000,000","259,000,000","138,000,000","66,000,000","399,000,000","644,000,000","663,446,000","575,976,000","434,903,000","286,105,000","111,401,000","94,402,000","71,722,000","68,538,000","87,963,000","78,068,000","51,259,000","29,713,000","51,532,000","55,513,000","26,317,000","49,341,000","18,275,000","32,406,000","24,966,000","19,463,000","48,455,000","30,334,000"
			CurrentDeferredTaxesAssets,,,,,,,,,,,,,,,,,,,,,,,,,,,,,,,,,,"2,212,000,000","1,316,000,000","847,000,000","1,322,000,000","1,372,000,000","1,158,000,000","1,166,000,000","1,526,000,000","1,154,000,000","1,148,000,000","1,017,000,000","1,144,000,000","230,000,000","146,000,000","51,000,000","215,000,000","215,000,000","153,000,000","320,000,000","259,000,000","138,000,000","66,000,000","399,000,000","644,000,000","663,446,000","575,976,000","434,903,000","286,105,000","111,401,000","94,402,000","71,722,000","68,538,000","87,963,000","78,068,000","51,259,000","29,713,000","51,532,000","55,513,000","26,317,000","49,341,000","18,275,000","32,406,000","24,966,000","19,463,000","48,455,000","30,334,000"
		AssetsHeldForSaleCurrent,,,,,,,,,,,,,,,,,,,,,,,,,,,,,,,,,,,,,,"3,588,000,000","3,668,000,000","3,873,000,000",,,,,,,,,,,,,,,,,,,,,,,,,,,,,,,,,,,,,,,
		OtherCurrentAssets,"12,650,000,000","12,398,000,000","9,421,000,000","8,532,000,000","10,775,000,000","10,518,000,000","8,321,000,000","6,892,000,000","8,020,000,000","6,029,000,000","6,076,000,000","7,646,000,000","5,490,000,000","5,425,000,000","5,579,000,000","5,165,000,000","4,412,000,000","4,699,000,000","4,100,000,000","4,406,000,000","4,236,000,000","4,007,000,000","3,961,000,000","3,426,000,000","2,983,000,000","2,860,000,000","2,398,000,000","3,106,000,000","4,575,000,000","2,536,000,000","3,016,000,000","2,719,000,000","2,648,000,000","2,688,000,000","3,049,000,000","3,720,000,000","3,412,000,000","2,700,000,000","2,043,000,000","2,138,000,000","3,253,000,000","2,354,000,000","2,776,000,000","2,375,000,000","2,132,000,000","2,440,000,000","2,614,000,000","1,779,000,000","1,710,000,000","1,406,000,000","1,328,000,000","1,497,000,000","1,326,000,000","1,210,000,000","1,419,000,000","1,135,000,000","837,000,000","816,103,000","1,067,116,000","1,317,861,000","1,404,114,000","897,349,000","846,865,000","697,792,000","694,213,000","670,593,000","627,240,000","616,506,000","443,880,000","346,941,000",,,,,,,"159,360,000",,
	TotalNonCurrentAssets,"230,862,000,000","220,401,000,000","214,256,000,000","207,506,000,000","200,469,000,000","192,146,000,000","182,814,000,000","179,243,000,000","171,125,000,000","163,293,000,000","159,690,000,000","154,958,000,000","145,320,000,000","134,874,000,000","129,423,000,000","126,385,000,000","123,331,000,000","114,686,000,000","109,664,000,000","107,142,000,000","97,116,000,000","91,836,000,000","87,453,000,000","83,174,000,000","72,987,000,000","70,191,000,000","66,235,000,000","63,962,000,000","62,089,000,000","61,402,000,000","60,054,000,000","58,792,000,000","57,347,000,000","56,178,000,000","54,643,000,000","53,087,000,000","50,531,000,000","45,666,000,000","43,703,000,000","41,212,000,000","38,034,000,000","36,210,000,000","34,321,000,000","33,884,000,000","33,344,000,000","32,909,000,000","32,194,000,000","20,285,000,000","19,816,000,000","19,046,000,000","18,419,000,000","16,650,000,000","16,289,000,000","13,895,000,000","12,884,000,000","11,739,000,000","11,330,000,000","11,349,301,000","11,323,907,000","11,432,227,000","11,589,393,000","12,844,123,000","12,862,949,000","12,140,051,000","8,046,668,000","7,606,889,000","6,566,362,000","5,934,664,000","5,433,504,000","3,834,989,000","3,337,899,000","1,738,913,000","1,270,742,000","1,068,316,000","848,508,000","706,725,000","619,886,000","528,307,000","446,133,000"
		NetPPE,"148,436,000,000","139,904,000,000","135,677,000,000","132,007,000,000","127,049,000,000","122,040,000,000","119,621,000,000","117,210,000,000","110,558,000,000","107,549,000,000","104,675,000,000","100,204,000,000","96,960,000,000","93,582,000,000","90,315,000,000","87,966,000,000","84,587,000,000","79,593,000,000","74,604,000,000","69,365,000,000","59,719,000,000","55,300,000,000","51,672,000,000","48,845,000,000","42,383,000,000","40,120,000,000","37,676,000,000","35,936,000,000","34,234,000,000","32,753,000,000","31,413,000,000","30,162,000,000","29,016,000,000","28,338,000,000","27,008,000,000","25,448,000,000","23,883,000,000","20,981,000,000","19,486,000,000","17,877,000,000","16,524,000,000","14,867,000,000","12,912,000,000","12,300,000,000","11,854,000,000","11,401,000,000","10,909,000,000","9,875,000,000","9,603,000,000","9,204,000,000","9,003,000,000","8,249,000,000","7,759,000,000","5,506,000,000","4,920,000,000","4,773,000,000","4,845,000,000","4,917,491,000","5,005,900,000","5,122,105,000","5,233,843,000","5,213,167,000","5,137,710,000","4,741,724,000","4,039,261,000","3,588,814,000","3,219,280,000","2,826,717,000","2,395,239,000","2,174,314,000","1,799,766,000","1,209,681,000","961,749,000","803,078,000","576,597,000","474,829,000","378,916,000","362,609,000","320,718,000"
			GrossPPE,"215,894,000,000","204,654,000,000","198,594,000,000","192,882,000,000","186,091,000,000","177,552,000,000","173,656,000,000","169,169,000,000","159,972,000,000","154,822,000,000","150,053,000,000","143,556,000,000","138,673,000,000","132,233,000,000","125,859,000,000","120,903,000,000","115,148,000,000","107,746,000,000","101,143,000,000","94,095,000,000","82,507,000,000","77,128,000,000","71,876,000,000","67,801,000,000","59,647,000,000","56,358,000,000","53,341,000,000","50,321,000,000","47,527,000,000","46,094,000,000","43,904,000,000","41,995,000,000","40,146,000,000","38,908,000,000","37,112,000,000","34,843,000,000","32,746,000,000","29,292,000,000","27,574,000,000","25,719,000,000","23,837,000,000","21,722,000,000","19,255,000,000","18,260,000,000","17,697,000,000","17,038,000,000","16,137,000,000","14,963,000,000","14,400,000,000","13,815,000,000","13,495,000,000","12,509,000,000","11,771,000,000","9,383,000,000","8,525,000,000","8,219,000,000","8,130,000,000","8,043,900,000","7,905,528,000","7,697,487,000","7,576,341,000","7,325,792,000","7,013,003,000","6,430,853,000","5,519,912,000","4,914,422,000","4,401,193,000","3,876,274,000","3,289,594,000","2,957,580,000","2,452,055,000","1,749,568,000","1,417,425,000","1,173,116,000","780,749,000","678,981,000","583,068,000","436,191,000","394,300,000"
				Properties,"0","0","0","0","0","0","0","0","0","0","0","0","0","0","0","0","0","0","0","0","0","0","0","0","0","0","0","0","0","0","0","0","0","0","0","0","0","0","0","0","0","0","0","0","0","0","0","0","0","0","0","0","0","0","0","0","0","0","0","0","0","0","0","0","0","0","0","0","0","0","0","0","0","0",,,"0",,
				LandAndImprovements,"74,083,000,000","71,357,000,000","68,890,000,000","67,948,000,000","66,897,000,000","64,679,000,000","65,015,000,000","62,869,000,000","58,881,000,000","57,268,000,000","55,910,000,000","52,522,000,000","49,732,000,000","46,787,000,000","44,494,000,000","41,372,000,000","39,865,000,000","34,960,000,000","32,829,000,000","30,824,000,000","30,179,000,000","28,159,000,000","27,253,000,000","26,879,000,000","23,183,000,000","22,367,000,000","21,508,000,000","20,744,000,000","19,804,000,000","19,209,000,000","18,770,000,000","18,028,000,000","16,518,000,000","15,353,000,000","14,546,000,000","13,479,000,000","13,326,000,000","11,616,000,000","10,274,000,000","8,776,000,000","7,488,000,000","6,462,000,000","6,336,000,000","6,394,000,000","6,257,000,000","6,127,000,000","5,829,000,000","5,486,000,000","5,228,000,000","4,910,000,000","4,630,000,000","4,072,000,000","3,969,000,000","1,995,000,000","1,969,000,000","1,953,000,000","1,907,000,000","1,908,054,000","1,898,468,000","1,835,106,000","1,725,336,000","1,336,745,000","1,018,804,000","1,014,044,000","951,334,000","650,122,000","622,975,000","505,841,000","352,112,000","372,721,000","286,286,000","165,934,000","124,752,000","122,734,000",,,,,
				BuildingsAndImprovements,,,,,,,,,,,,,,,,,,,,,,,,,,,,,,,,,,,,,,,,,,,,,,,,,,,,,,,,,,,,,"572,908,000",,,,"416,884,000",,,,"273,262,000",,"149,173,000","153,870,000","115,108,000","49,307,000",,,"17,617,000",,
				MachineryFurnitureEquipment,"472,000,000","424,000,000","338,000,000","326,000,000","314,000,000","297,000,000","267,000,000","213,000,000","208,000,000","202,000,000","201,000,000","198,000,000","197,000,000","199,000,000","197,000,000","183,000,000","156,000,000","145,000,000","110,000,000","76,000,000","61,000,000","50,000,000","48,000,000","50,000,000","48,000,000","49,000,000","48,000,000","47,000,000","58,000,000","85,000,000","84,000,000","84,000,000","83,000,000","81,000,000","80,000,000","78,000,000","79,000,000","79,000,000","80,000,000","79,000,000","77,000,000","79,000,000","77,000,000","76,000,000","74,000,000","70,000,000","68,000,000","67,000,000","65,000,000","66,000,000","69,000,000","67,000,000","65,000,000","63,000,000","64,000,000","64,000,000","65,000,000","64,462,000","63,839,000","61,070,000","61,462,000","61,827,000","61,679,000","60,112,000","52,127,000","47,595,000","41,514,000","38,047,000","36,028,000","31,516,000","23,896,000","18,505,000","16,719,000","795,662,000",,,"11,974,000",,
				OtherProperties,"94,685,000,000","89,127,000,000","86,061,000,000","83,024,000,000","80,648,000,000","75,615,000,000","73,041,000,000","70,620,000,000","68,565,000,000","66,467,000,000","64,166,000,000","60,491,000,000","58,117,000,000","54,829,000,000","52,298,000,000","49,753,000,000","47,781,000,000","45,079,000,000","42,735,000,000","40,388,000,000","30,119,000,000","28,595,000,000","26,148,000,000","23,795,000,000","21,429,000,000","19,454,000,000","18,529,000,000","17,330,000,000","16,084,000,000","15,710,000,000","14,511,000,000","13,858,000,000","13,645,000,000","13,354,000,000","12,992,000,000","11,855,000,000","10,918,000,000","10,177,000,000","9,701,000,000","9,408,000,000","9,094,000,000","8,371,000,000","7,833,000,000","7,785,000,000","7,717,000,000","7,324,000,000","6,869,000,000","6,259,000,000","6,060,000,000","5,936,000,000","5,577,000,000","5,165,000,000","4,670,000,000","4,263,000,000","4,039,000,000","3,899,000,000","3,868,000,000","3,883,629,000","3,840,838,000","3,662,099,000","3,573,499,000","3,393,749,000","3,186,816,000","3,090,650,000","2,734,916,000","2,427,439,000","2,189,833,000","1,994,362,000","1,778,028,000","1,547,205,000","1,263,154,000","1,061,797,000","949,758,000",,,,"504,127,000",,
				ConstructionInProgress,"35,229,000,000","32,305,000,000","32,019,000,000","30,573,000,000","27,657,000,000","26,899,000,000","25,341,000,000","25,555,000,000","23,172,000,000","22,494,000,000","21,825,000,000","22,556,000,000","23,111,000,000","23,115,000,000","21,948,000,000","22,834,000,000","21,036,000,000","21,716,000,000","19,787,000,000","17,203,000,000","16,838,000,000","15,120,000,000","13,669,000,000","12,357,000,000","10,491,000,000","10,280,000,000","9,221,000,000","8,614,000,000","8,166,000,000","7,790,000,000","7,601,000,000","7,198,000,000","7,324,000,000","7,799,000,000","7,260,000,000","7,415,000,000","6,555,000,000","5,743,000,000","5,890,000,000","5,878,000,000","5,602,000,000","5,257,000,000","3,524,000,000","2,554,000,000","2,240,000,000","2,233,000,000","2,232,000,000","2,143,000,000","2,128,000,000","2,073,000,000","2,433,000,000","2,493,000,000","2,329,000,000","2,358,000,000","1,802,000,000","1,661,000,000","1,644,000,000","1,561,842,000","1,502,081,000","1,558,473,000","1,643,136,000","1,979,963,000","2,214,021,000","1,810,637,000","1,364,651,000","1,406,015,000","1,203,236,000","1,031,550,000","850,164,000","808,579,000","729,546,000","349,462,000","211,088,000","205,413,000",,,"49,350,000",,
				Leases,"11,425,000,000","11,441,000,000","11,286,000,000","11,011,000,000","10,575,000,000","10,062,000,000","9,992,000,000","9,912,000,000","9,146,000,000","8,391,000,000","7,951,000,000","7,789,000,000","7,516,000,000","7,303,000,000","6,922,000,000","6,761,000,000","6,310,000,000","5,846,000,000","5,682,000,000","5,604,000,000","5,310,000,000","5,204,000,000","4,758,000,000","4,720,000,000","4,496,000,000","4,208,000,000","4,035,000,000","3,586,000,000","3,415,000,000","3,300,000,000","2,938,000,000","2,827,000,000","2,576,000,000","2,321,000,000","2,234,000,000","2,016,000,000","1,868,000,000","1,677,000,000","1,629,000,000","1,578,000,000","1,576,000,000","1,553,000,000","1,485,000,000","1,451,000,000","1,409,000,000","1,284,000,000","1,139,000,000","1,008,000,000","919,000,000","830,000,000","786,000,000","712,000,000","738,000,000","704,000,000","651,000,000","642,000,000","646,000,000","625,913,000","600,302,000","580,739,000","572,908,000","553,508,000","531,683,000","455,410,000","416,884,000","383,251,000","343,635,000","306,474,000","273,262,000","197,559,000",,,,,,,"17,617,000",,
			AccumulatedDepreciation,"-67,458,000,000","-64,750,000,000","-62,917,000,000","-60,875,000,000","-59,042,000,000","-55,512,000,000","-54,035,000,000","-51,959,000,000","-49,414,000,000","-47,273,000,000","-45,378,000,000","-43,352,000,000","-41,713,000,000","-38,651,000,000","-35,544,000,000","-32,937,000,000","-30,561,000,000","-28,153,000,000","-26,539,000,000","-24,730,000,000","-22,788,000,000","-21,828,000,000","-20,204,000,000","-18,956,000,000","-17,264,000,000","-16,238,000,000","-15,665,000,000","-14,385,000,000","-13,293,000,000","-13,341,000,000","-12,491,000,000","-11,833,000,000","-11,130,000,000","-10,570,000,000","-10,104,000,000","-9,395,000,000","-8,863,000,000","-8,311,000,000","-8,088,000,000","-7,842,000,000","-7,313,000,000","-6,855,000,000","-6,343,000,000","-5,960,000,000","-5,843,000,000","-5,637,000,000","-5,228,000,000","-5,088,000,000","-4,797,000,000","-4,611,000,000","-4,492,000,000","-4,260,000,000","-4,012,000,000","-3,877,000,000","-3,605,000,000","-3,446,000,000","-3,285,000,000","-3,126,409,000","-2,899,628,000","-2,575,382,000","-2,342,498,000","-2,112,625,000","-1,875,293,000","-1,689,129,000","-1,480,651,000","-1,325,608,000","-1,181,913,000","-1,049,557,000","-894,355,000","-783,266,000","-652,289,000","-539,887,000","-455,676,000","-370,038,000","-204,152,000","-204,152,000","-204,152,000","-73,582,000","-73,582,000"
		GoodwillAndOtherIntangibleAssets,"29,198,000,000","30,979,000,000","31,176,000,000","30,962,000,000","28,960,000,000","31,026,000,000","25,326,000,000","24,323,000,000","24,373,000,000","24,172,000,000","24,032,000,000","24,164,000,000","22,620,000,000","22,390,000,000","22,521,000,000","22,574,000,000","22,603,000,000","19,816,000,000","19,902,000,000","20,006,000,000","20,108,000,000","20,343,000,000","20,557,000,000","20,671,000,000","19,439,000,000","19,614,000,000","19,537,000,000","19,684,000,000","19,775,000,000","19,395,000,000","19,293,000,000","19,523,000,000","19,716,000,000","19,698,000,000","19,823,000,000","19,953,000,000","20,206,000,000","20,205,000,000","19,820,000,000","19,494,000,000","17,558,000,000","17,716,000,000","17,954,000,000","17,919,000,000","18,010,000,000","18,239,000,000","17,982,000,000","8,866,000,000","8,924,000,000","8,463,000,000","8,058,000,000","7,324,000,000","7,300,000,000","7,092,000,000","6,692,000,000","5,912,000,000","5,678,000,000","5,672,465,000","5,693,299,000","5,740,659,000","5,836,544,000","5,869,363,000","5,992,796,000","5,995,371,000","2,745,964,000","2,762,649,000","2,062,703,000","1,947,092,000","1,891,960,000","514,551,000","465,198,000","479,379,000","277,683,000","228,603,000","216,604,000","186,251,000","193,887,000","145,475,000","103,755,000"
			Goodwill,"29,198,000,000","29,146,000,000","29,210,000,000","28,994,000,000","28,960,000,000","28,834,000,000","23,949,000,000","23,010,000,000","22,956,000,000","22,623,000,000","22,406,000,000","22,341,000,000","21,175,000,000","20,870,000,000","20,824,000,000","20,734,000,000","20,624,000,000","18,069,000,000","18,000,000,000","17,943,000,000","17,888,000,000","17,895,000,000","17,895,000,000","17,862,000,000","16,747,000,000","16,731,000,000","16,604,000,000","16,547,000,000","16,468,000,000","16,028,000,000","15,841,000,000","15,866,000,000","15,869,000,000","15,675,000,000","15,610,000,000","15,573,000,000","15,599,000,000","15,461,000,000","14,586,000,000","14,177,000,000","11,492,000,000","11,426,000,000","11,396,000,000","10,595,000,000","10,537,000,000","10,485,000,000","10,120,000,000","7,325,000,000","7,346,000,000","6,989,000,000","6,677,000,000","6,308,000,000","6,256,000,000","6,099,000,000","5,788,000,000","5,122,000,000","4,903,000,000","4,849,217,000","4,836,913,000","4,830,315,000","4,839,854,000","4,821,646,000","4,853,805,000","4,791,399,000","2,299,368,000","2,277,397,000","1,723,124,000","1,620,566,000","1,545,119,000","337,145,000","318,597,000","318,806,000","194,900,000",,,,"122,818,000",,
			OtherIntangibleAssets,,"1,833,000,000","1,966,000,000","1,968,000,000","2,084,000,000","2,192,000,000","1,377,000,000","1,313,000,000","1,417,000,000","1,549,000,000","1,626,000,000","1,823,000,000","1,445,000,000","1,520,000,000","1,697,000,000","1,840,000,000","1,979,000,000","1,747,000,000","1,902,000,000","2,063,000,000","2,220,000,000","2,448,000,000","2,662,000,000","2,809,000,000","2,692,000,000","2,883,000,000","2,933,000,000","3,137,000,000","3,307,000,000","3,367,000,000","3,452,000,000","3,657,000,000","3,847,000,000","4,023,000,000","4,213,000,000","4,380,000,000","4,607,000,000","4,744,000,000","5,234,000,000","5,317,000,000","6,066,000,000","6,290,000,000","6,558,000,000","7,324,000,000","7,473,000,000","7,754,000,000","7,862,000,000","1,541,000,000","1,578,000,000","1,474,000,000","1,381,000,000","1,016,000,000","1,044,000,000","993,000,000","904,000,000","790,000,000","775,000,000","823,248,000","856,386,000","910,344,000","996,690,000","1,047,717,000","1,138,991,000","1,203,972,000","446,596,000","485,252,000","339,579,000","326,526,000","346,841,000","177,406,000","146,601,000","160,573,000","82,783,000","228,603,000","216,604,000","186,251,000","71,069,000","145,475,000","103,755,000"
		InvestmentsAndAdvances,"31,008,000,000","30,907,000,000","31,224,000,000","31,213,000,000","30,492,000,000","30,419,000,000","30,665,000,000","30,544,000,000","29,549,000,000","26,101,000,000","25,532,000,000","25,294,000,000","20,703,000,000","14,656,000,000","12,961,000,000","12,367,000,000","13,078,000,000","12,488,000,000","12,112,000,000","14,474,000,000","13,859,000,000","12,673,000,000","11,487,000,000","10,976,000,000","7,813,000,000","7,269,000,000","6,642,000,000","6,131,000,000","5,878,000,000","5,705,000,000","5,820,000,000","5,577,000,000","5,183,000,000","4,813,000,000","4,409,000,000","4,090,000,000","3,079,000,000","2,470,000,000","2,415,000,000","2,123,000,000","1,976,000,000","1,843,000,000","1,564,000,000","1,470,000,000","1,469,000,000","1,063,000,000","1,040,000,000","880,000,000","790,000,000","891,000,000","893,000,000","666,000,000","523,000,000","485,000,000","377,000,000","154,000,000","129,000,000","110,372,000","93,925,000","100,999,000","85,160,000","1,100,896,000","1,067,520,000","1,056,966,000","1,059,694,000","1,048,138,000","1,038,804,000","1,030,952,000","1,031,850,000","1,028,591,000",,,,,,,,,
			LongTermEquityInvestment,,,,,,,,,,,,,,,,,,,,,,,,,,,,,,,,,,,,,,,,,,,,,,"1,063,000,000","1,040,000,000","880,000,000","790,000,000",,,,"523,000,000",,,,"128,977,000",,,,"85,160,000","1,100,896,000","1,067,520,000","1,056,966,000","1,059,694,000","1,048,138,000","1,038,804,000","1,030,952,000","1,031,850,000","1,028,591,000",,,,,,,,,
			InvestmentinFinancialAssets,"31,008,000,000","30,907,000,000","31,224,000,000","31,213,000,000","30,492,000,000","30,419,000,000","30,665,000,000","30,544,000,000","29,549,000,000","26,101,000,000","25,532,000,000","25,294,000,000","20,703,000,000","14,656,000,000","12,961,000,000","12,367,000,000","13,078,000,000","12,488,000,000","12,112,000,000","14,474,000,000","13,859,000,000","12,673,000,000","11,487,000,000","10,976,000,000","7,813,000,000","7,269,000,000","6,642,000,000","6,131,000,000","5,878,000,000","5,705,000,000","5,820,000,000","5,577,000,000","5,183,000,000","4,813,000,000","4,409,000,000","4,090,000,000","3,079,000,000","2,470,000,000","2,415,000,000","2,123,000,000","1,976,000,000","1,843,000,000","1,564,000,000","1,470,000,000","1,469,000,000","1,063,000,000","1,040,000,000","880,000,000","790,000,000","891,000,000","893,000,000","666,000,000","523,000,000","485,000,000","377,000,000","154,000,000","129,000,000","110,372,000","93,925,000","100,999,000","85,160,000","1,100,896,000","1,067,520,000","1,056,966,000","1,059,694,000","1,048,138,000","1,038,804,000","1,030,952,000","1,031,850,000","1,028,591,000",,,,,,,,,
				AvailableForSaleSecurities,"31,008,000,000","30,907,000,000","31,224,000,000","31,213,000,000","30,492,000,000","30,419,000,000","30,665,000,000","30,544,000,000","29,549,000,000","26,101,000,000","25,532,000,000","25,294,000,000","20,703,000,000","14,656,000,000","12,961,000,000","12,367,000,000","13,078,000,000","12,488,000,000","12,112,000,000","14,474,000,000","13,859,000,000","12,673,000,000","11,487,000,000","10,976,000,000","7,813,000,000","7,269,000,000","6,642,000,000","6,131,000,000","5,878,000,000","5,705,000,000","5,820,000,000","5,577,000,000","5,183,000,000","4,813,000,000","4,409,000,000","4,090,000,000","3,079,000,000","2,470,000,000","2,415,000,000","2,123,000,000","1,976,000,000","1,843,000,000","1,564,000,000","1,470,000,000","1,469,000,000","1,063,000,000","1,040,000,000","880,000,000","790,000,000","891,000,000","893,000,000","666,000,000","523,000,000","485,000,000","377,000,000","154,000,000","129,000,000","110,372,000","93,925,000","100,999,000","85,160,000","1,100,896,000","1,067,520,000","1,056,966,000","1,059,694,000","1,048,138,000","1,038,804,000","1,030,952,000","1,031,850,000","1,028,591,000",,,,,,,,,
		NonCurrentDeferredAssets,"12,169,000,000","10,983,000,000","9,357,000,000","6,885,000,000","5,261,000,000","2,991,000,000","1,490,000,000","1,388,000,000","1,284,000,000","1,195,000,000","1,153,000,000","1,129,000,000","1,084,000,000","972,000,000","895,000,000","730,000,000","721,000,000","564,000,000","585,000,000","750,000,000","737,000,000","682,000,000","685,000,000","678,000,000","680,000,000","505,000,000","376,000,000","365,000,000","383,000,000","273,000,000","253,000,000","233,000,000","251,000,000",,,,"176,000,000",,,,,,,,,,,,"0","0","0","21,000,000","265,000,000","406,000,000","443,000,000","446,000,000","263,000,000","233,836,000","124,647,000","52,296,000","0","204,319,000","220,079,000","155,588,000","33,219,000","37,219,000","98,421,000",,"0","49,643,000","34,768,000",,,,,"363,000","11,590,000",,
			NonCurrentDeferredTaxesAssets,"12,169,000,000","10,983,000,000","9,357,000,000","6,885,000,000","5,261,000,000","2,991,000,000","1,490,000,000","1,388,000,000","1,284,000,000","1,195,000,000","1,153,000,000","1,129,000,000","1,084,000,000","972,000,000","895,000,000","730,000,000","721,000,000","564,000,000","585,000,000","750,000,000","737,000,000","682,000,000","685,000,000","678,000,000","680,000,000","505,000,000","376,000,000","365,000,000","383,000,000","273,000,000","253,000,000","233,000,000","251,000,000",,,,"176,000,000",,,,,,,,,,,,"0","0","0","21,000,000","265,000,000","406,000,000","443,000,000","446,000,000","263,000,000","233,836,000","124,647,000","52,296,000","0","204,319,000","220,079,000","155,588,000","33,219,000","37,219,000","98,421,000",,"0","49,643,000","34,768,000",,,,,"363,000","11,590,000",,
		NonCurrentPrepaidAssets,,,,,,,,,,,,,,,,,,,,,,,,,,,"2,004,000,000","1,846,000,000","1,819,000,000","3,276,000,000","3,275,000,000","3,297,000,000","3,181,000,000","3,329,000,000","3,403,000,000","3,596,000,000","3,187,000,000","2,010,000,000","1,982,000,000","1,718,000,000","1,976,000,000","1,784,000,000","1,891,000,000","2,195,000,000","2,011,000,000","2,206,000,000","2,263,000,000","664,000,000","499,000,000","488,000,000","465,000,000","390,000,000","442,000,000","406,000,000","452,000,000","454,000,000","415,000,000","415,137,000","406,136,000","416,168,000","433,846,000","456,378,000","444,844,000","190,402,000","168,530,000","170,069,000","147,154,000","129,903,000","114,455,000","67,890,000",,,,,,,,,
		OtherNonCurrentAssets,"10,051,000,000","7,628,000,000","6,822,000,000","6,439,000,000","8,707,000,000","5,670,000,000","5,712,000,000","5,778,000,000","5,361,000,000","4,276,000,000","4,298,000,000","4,167,000,000","3,953,000,000","3,274,000,000","2,731,000,000","2,748,000,000","2,342,000,000","2,225,000,000","2,461,000,000","2,547,000,000","2,693,000,000","2,838,000,000","3,052,000,000","2,004,000,000","2,672,000,000","2,683,000,000","2,004,000,000","1,846,000,000","1,819,000,000","3,276,000,000","3,275,000,000","3,297,000,000","3,181,000,000","3,329,000,000","3,403,000,000","3,596,000,000","3,187,000,000","2,010,000,000","1,982,000,000","1,718,000,000","1,976,000,000","1,784,000,000","1,891,000,000","2,195,000,000","2,011,000,000","2,206,000,000","2,263,000,000","664,000,000","499,000,000","488,000,000","465,000,000","390,000,000","442,000,000","406,000,000","452,000,000","454,000,000","415,000,000","415,137,000","406,136,000","416,168,000","433,846,000","456,378,000","444,844,000","190,402,000","168,530,000","170,069,000","147,154,000","129,903,000","114,455,000","67,890,000","1,038,167,000","49,853,000","31,310,000","36,635,000","55,307,000","45,282,000","35,493,000","20,223,000","21,660,000"
TotalLiabilitiesNetMinorityInterest,"119,013,000,000","123,509,000,000","115,903,000,000","108,597,000,000","109,120,000,000","104,629,000,000","99,766,000,000","103,092,000,000","107,633,000,000","102,836,000,000","97,822,000,000","97,082,000,000","97,072,000,000","86,323,000,000","71,170,000,000","69,744,000,000","74,467,000,000","68,075,000,000","64,909,000,000","61,877,000,000","55,164,000,000","51,698,000,000","49,610,000,000","46,110,000,000","44,793,000,000","32,436,000,000","30,335,000,000","27,807,000,000","28,461,000,000","25,845,000,000","26,413,000,000","26,178,000,000","27,130,000,000","28,040,000,000","27,024,000,000","24,952,000,000","25,327,000,000","26,966,000,000","25,859,000,000","24,815,000,000","23,611,000,000","22,079,000,000","22,330,000,000","21,219,000,000","22,083,000,000","21,702,000,000","21,330,000,000","15,432,000,000","14,429,000,000","14,258,000,000","12,870,000,000","11,109,000,000","11,610,000,000","10,052,000,000","7,432,000,000","4,588,000,000","4,493,000,000","3,981,092,000","3,563,904,000","3,664,934,000","3,528,713,000","3,332,112,000","3,266,771,000","3,267,447,000","2,646,127,000","2,303,879,000","1,764,277,000","1,638,228,000","1,433,511,000","1,296,145,000","1,038,998,000","1,051,602,000","852,856,000","657,933,000","543,861,000","438,337,000","384,295,000","299,495,000","311,023,000"
	CurrentLiabilities,"81,814,000,000","86,295,000,000","77,709,000,000","68,854,000,000","69,300,000,000","65,979,000,000","61,354,000,000","61,948,000,000","64,254,000,000","61,782,000,000","55,741,000,000","55,453,000,000","56,834,000,000","48,200,000,000","43,658,000,000","40,189,000,000","45,221,000,000","39,224,000,000","37,000,000,000","34,910,000,000","34,620,000,000","31,301,000,000","29,903,000,000","25,394,000,000","24,183,000,000","20,693,000,000","18,685,000,000","15,256,000,000","16,756,000,000","14,323,000,000","17,341,000,000","17,684,000,000","19,310,000,000","18,457,000,000","17,362,000,000","14,336,000,000","16,779,000,000","17,920,000,000","17,097,000,000","16,270,000,000","15,908,000,000","14,475,000,000","15,329,000,000","13,252,000,000","14,337,000,000","14,434,000,000","14,028,000,000","9,742,000,000","8,913,000,000","8,888,000,000","7,798,000,000","9,332,000,000","9,996,000,000","8,530,000,000","5,747,000,000","2,922,000,000","2,747,000,000","2,321,774,000","2,000,962,000","2,183,854,000","2,302,090,000","2,224,277,000","2,345,515,000","2,460,475,000","2,035,602,000","1,782,667,000","1,319,195,000","1,254,353,000","1,304,587,000","1,216,047,000","977,430,000","980,024,000","745,384,000","559,848,000","448,370,000","393,328,000","340,368,000","274,470,000","252,257,000"
		PayablesAndAccruedExpenses,"50,221,000,000","57,572,000,000","50,494,000,000","43,206,000,000","39,781,000,000","39,479,000,000","35,742,000,000","37,010,000,000","35,089,000,000","34,470,000,000","30,647,000,000","32,401,000,000","31,102,000,000","25,695,000,000","23,544,000,000","21,926,000,000","24,214,000,000","20,955,000,000","19,330,000,000","18,783,000,000","18,243,000,000","15,610,000,000","15,633,000,000","15,629,000,000","15,296,000,000","12,558,000,000","11,433,000,000","11,435,000,000","11,681,000,000","9,728,000,000","10,813,000,000","10,912,000,000","11,758,000,000","11,527,000,000","11,176,000,000","9,717,000,000","10,949,000,000","10,464,000,000","9,800,000,000","8,755,000,000","9,335,000,000","8,560,000,000","9,727,000,000","8,775,000,000","8,654,000,000","8,385,000,000","8,417,000,000","5,663,000,000","5,330,000,000","5,735,000,000","4,912,000,000","4,731,000,000","4,727,000,000","4,982,000,000","4,697,000,000","2,051,000,000","1,480,000,000","1,238,348,000","1,183,339,000","1,502,018,000","1,272,363,000","1,401,241,000","1,654,798,000","1,808,221,000","1,269,139,000","1,140,465,000","865,678,000","967,874,000","847,780,000","915,094,000","785,861,000","688,292,000","644,511,000","478,094,000","400,162,000","350,624,000","219,327,000","249,556,000","230,250,000"
			Payables,"10,241,000,000","19,331,000,000","16,183,000,000","9,401,000,000","6,760,000,000","7,328,000,000","6,365,000,000","7,780,000,000","6,037,000,000","10,296,000,000","7,485,000,000","10,039,000,000","7,828,000,000","5,490,000,000","5,039,000,000","5,012,000,000","5,835,000,000","4,273,000,000","4,461,000,000","4,471,000,000","4,447,000,000","3,789,000,000","4,558,000,000","4,869,000,000","4,018,000,000","2,895,000,000","2,621,000,000","3,109,000,000","2,595,000,000","2,346,000,000","3,966,000,000","4,168,000,000","4,661,000,000","5,030,000,000","4,957,000,000","3,468,000,000","4,589,000,000","4,770,000,000","4,431,000,000","3,776,000,000","3,851,000,000","4,017,000,000","4,969,000,000","4,331,000,000","3,925,000,000","3,964,000,000","4,492,000,000","3,251,000,000","2,792,000,000","3,618,000,000","2,503,000,000","2,396,000,000","2,881,000,000","3,389,000,000","3,267,000,000","779,000,000","216,000,000","192,743,000","221,914,000","514,019,000","259,553,000","340,665,000","582,394,000","535,552,000","282,106,000","231,883,000","136,483,000","219,685,000","211,169,000","395,961,000","179,441,000","145,911,000","115,575,000","87,346,000","105,572,000","75,444,000","32,672,000","49,557,000","61,830,000"
				AccountsPayable,"7,493,000,000","5,803,000,000","5,313,000,000","4,184,000,000","5,128,000,000","6,303,000,000","4,409,000,000","3,436,000,000","6,037,000,000","4,616,000,000","4,708,000,000","4,801,000,000","5,589,000,000","4,391,000,000","4,064,000,000","4,099,000,000","5,561,000,000","4,142,000,000","3,925,000,000","3,710,000,000","4,378,000,000","3,789,000,000","3,369,000,000","3,526,000,000","3,137,000,000","2,674,000,000","2,488,000,000","2,306,000,000","2,041,000,000","2,175,000,000","1,716,000,000","1,667,000,000","1,931,000,000","1,549,000,000","1,315,000,000","1,688,000,000","1,715,000,000","1,368,000,000","1,345,000,000","1,623,000,000","2,453,000,000","2,124,000,000","1,758,000,000","2,094,000,000","2,012,000,000","2,233,000,000","2,419,000,000","760,000,000","588,000,000","563,000,000","567,000,000","516,000,000","483,000,000","528,000,000","397,000,000","329,000,000","216,000,000","192,743,000","221,914,000","196,220,000","178,004,000","240,706,000","439,281,000","358,122,000","282,106,000","231,883,000","136,483,000","181,828,000","211,169,000","207,348,000","179,441,000","145,911,000","115,575,000","87,346,000","105,572,000","75,444,000","32,672,000","49,557,000","61,830,000"
				TotalTaxPayable,"2,748,000,000","13,528,000,000","10,870,000,000","5,217,000,000","1,632,000,000","1,025,000,000","1,956,000,000","4,344,000,000","808,000,000","4,170,000,000","1,811,000,000","1,893,000,000","1,485,000,000","1,099,000,000","975,000,000","913,000,000","274,000,000","131,000,000","536,000,000","761,000,000","69,000,000","0","1,189,000,000","1,343,000,000","881,000,000","221,000,000","133,000,000","803,000,000","554,000,000","171,000,000","185,000,000","330,000,000","302,000,000","215,000,000","948,000,000","123,000,000","96,000,000","0","0","0","24,000,000","0","0","0","240,000,000","45,000,000","157,000,000","239,000,000","197,000,000","0","0","0","37,000,000",,"0","450,000,000","0","0","0","317,799,000","81,549,000","99,959,000","143,113,000","177,430,000","0",,"0","37,857,000",,"188,613,000",,,,,,,"0",,
					IncomeTaxPayable,"2,748,000,000","13,528,000,000","10,870,000,000","5,217,000,000","1,632,000,000","1,025,000,000","1,956,000,000","4,344,000,000","808,000,000","4,170,000,000","1,811,000,000","1,893,000,000","1,485,000,000","1,099,000,000","975,000,000","913,000,000","274,000,000","131,000,000","536,000,000","761,000,000","69,000,000","0","1,189,000,000","1,343,000,000","881,000,000","221,000,000","133,000,000","803,000,000","554,000,000","171,000,000","185,000,000","330,000,000","302,000,000","215,000,000","948,000,000","123,000,000","96,000,000","0","0","0","24,000,000","0","0","0","240,000,000","45,000,000","157,000,000","239,000,000","197,000,000","0","0","0","37,000,000",,"0","450,000,000","0","0","0","317,799,000","81,549,000","99,959,000","143,113,000","177,430,000","0",,"0","37,857,000",,"188,613,000",,,,,,,"0",,
				OtherPayable,,,,,,,,,"397,000,000","1,510,000,000","966,000,000","3,345,000,000","754,000,000",,,,,,,,,,,,,,,,,,"2,065,000,000","2,171,000,000","2,428,000,000","3,266,000,000","2,694,000,000","1,657,000,000","2,778,000,000","3,402,000,000","3,086,000,000","2,153,000,000","1,374,000,000","1,893,000,000","3,211,000,000","2,237,000,000","1,673,000,000","1,686,000,000","1,916,000,000","2,252,000,000","2,007,000,000","3,055,000,000","1,936,000,000","1,880,000,000","2,361,000,000","2,861,000,000","2,870,000,000",,,,,,,,,,,,,,,,,,,,,,,,
			CurrentAccruedExpenses,"39,980,000,000","38,241,000,000","34,311,000,000","33,805,000,000","33,021,000,000","32,151,000,000","29,377,000,000","29,230,000,000","29,052,000,000","24,174,000,000","23,162,000,000","22,362,000,000","23,274,000,000","20,205,000,000","18,505,000,000","16,914,000,000","18,379,000,000","16,682,000,000","14,869,000,000","14,312,000,000","13,796,000,000","11,821,000,000","11,075,000,000","10,760,000,000","11,278,000,000","9,663,000,000","8,812,000,000","8,326,000,000","9,086,000,000","7,382,000,000","6,847,000,000","6,744,000,000","7,097,000,000","6,497,000,000","6,219,000,000","6,249,000,000","6,360,000,000","5,694,000,000","5,369,000,000","4,979,000,000","5,484,000,000","4,543,000,000","4,758,000,000","4,444,000,000","4,729,000,000","4,421,000,000","3,925,000,000","2,412,000,000","2,538,000,000","2,117,000,000","2,409,000,000","2,335,000,000","1,846,000,000","1,593,000,000","1,430,000,000","1,272,000,000","1,264,000,000","1,045,605,000","961,425,000","987,999,000","1,012,810,000","1,060,576,000","1,072,404,000","1,272,669,000","987,033,000","908,582,000","729,195,000","748,189,000","636,611,000","519,133,000","606,420,000","542,381,000","528,936,000","390,748,000","294,590,000","275,180,000","186,655,000","199,999,000","168,420,000"
		PensionandOtherPostRetirementBenefitPlansCurrent,"15,140,000,000","12,562,000,000","11,260,000,000","9,954,000,000","14,028,000,000","12,366,000,000","10,852,000,000","9,803,000,000","13,889,000,000","12,170,000,000","10,088,000,000","8,375,000,000","11,086,000,000","8,747,000,000","7,127,000,000","5,656,000,000","8,495,000,000","7,399,000,000","6,432,000,000","5,072,000,000","6,839,000,000","5,946,000,000","4,642,000,000","3,812,000,000","4,581,000,000","4,022,000,000","3,271,000,000","2,673,000,000","3,976,000,000","3,672,000,000","3,409,000,000","2,618,000,000","3,539,000,000","2,988,000,000","2,466,000,000","1,911,000,000","3,069,000,000","2,428,000,000","2,102,000,000","1,531,000,000","2,502,000,000","1,999,000,000","1,803,000,000","1,445,000,000","2,239,000,000","1,926,000,000","1,626,000,000","1,017,000,000","1,818,000,000","1,446,000,000","1,180,000,000","945,000,000","1,410,000,000","1,104,000,000","748,000,000","578,000,000","982,000,000","831,205,000","589,862,000","464,899,000","811,643,000","622,658,000","493,284,000","458,188,000","588,390,000","496,073,000","330,951,000","180,708,000","351,671,000","212,594,000",,,,,,,"82,631,000",,
		CurrentDebtAndCapitalLeaseObligation,"2,791,000,000","2,715,000,000","2,663,000,000","2,625,000,000","2,477,000,000","2,285,000,000","2,297,000,000","2,267,000,000","2,189,000,000","2,101,000,000","2,037,000,000","1,888,000,000","1,694,000,000","1,535,000,000","1,416,000,000","1,312,000,000","1,199,000,000",,,,,,,"1,329,000,000",,,,,,,"2,219,000,000","3,221,000,000","3,225,000,000","3,237,000,000","3,008,000,000","2,009,000,000","2,010,000,000","2,009,000,000","2,009,000,000","3,009,000,000","3,009,000,000","3,009,000,000","3,000,000,000","2,150,000,000","2,500,000,000","3,218,000,000","3,218,000,000","2,468,000,000","1,218,000,000","1,218,000,000","1,217,000,000","3,216,000,000","3,465,000,000","2,100,000,000",,,,,,,,,,,,,,,,,,,,"10,000","291,000","1,310,000","1,902,000","3,026,000","3,751,000"
			CurrentDebt,,,,,,,,,,,,,,,,,,,,,,,,"1,329,000,000",,,,,,,"1,999,000,000","2,998,000,000","3,000,000,000","2,999,000,000","2,999,000,000","2,000,000,000","2,000,000,000","2,000,000,000","2,000,000,000","3,000,000,000","3,000,000,000","3,000,000,000","3,000,000,000","2,150,000,000","2,500,000,000","3,218,000,000","3,218,000,000","2,468,000,000","1,218,000,000","1,218,000,000","1,217,000,000","3,216,000,000","3,465,000,000","2,100,000,000",,,,,,,,,,,,,,,,,,,,"10,000","291,000","1,310,000","1,902,000","3,026,000","3,751,000"
				CurrentNotesPayable,,,,,,,,,,,,,,,,,,,,,,,,,,,,,,,,,,,,,,,,,,,,,,,,,,,,"468,000,000",,,,,,,,,,,,,,,,,,,,,,,,,,,
				CommercialPaper,,,,,,,,,,,,,,,,,,,,,,,,,,,,,,,,,"2,000,000,000",,,,"2,000,000,000","2,000,000,000","2,000,000,000","2,000,000,000","2,000,000,000","2,000,000,000","2,000,000,000","2,150,000,000","2,500,000,000","2,700,000,000",,"2,000,000,000","750,000,000","750,000,000","749,000,000","2,700,000,000",,"2,100,000,000",,,,,,,,,,,,,,,,,,,,,,,,,
				OtherCurrentBorrowings,,,,,,,,,,,,,,,,,,,,,,,,,,,,,,,"1,999,000,000","2,998,000,000","3,000,000,000","2,999,000,000","2,999,000,000","2,000,000,000","1,999,000,000","2,000,000,000","2,000,000,000","1,000,000,000","1,000,000,000","1,000,000,000","1,000,000,000",,"2,549,000,000","518,000,000",,"468,000,000","468,000,000","468,000,000","468,000,000","48,000,000",,,,,,,,,,,,,,,,,,,,,,,,,,,
			CurrentCapitalLeaseObligation,"2,791,000,000","2,715,000,000","2,663,000,000","2,625,000,000","2,477,000,000","2,285,000,000","2,297,000,000","2,267,000,000","2,189,000,000","2,101,000,000","2,037,000,000","1,888,000,000","1,694,000,000","1,535,000,000","1,416,000,000","1,312,000,000","1,199,000,000",,,,,,,,,,,,"0","0","220,000,000","223,000,000","225,000,000","238,000,000","9,000,000","9,000,000","10,000,000","9,000,000","9,000,000","9,000,000","9,000,000","9,000,000",,,"0",,,,,,,,,,,,,,,,,,,,,,,,,,,,,,,,"1,902,000",,
		CurrentDeferredLiabilities,"4,137,000,000","4,303,000,000","3,846,000,000","3,715,000,000","3,908,000,000","3,585,000,000","3,272,000,000","3,198,000,000","3,288,000,000","2,968,000,000","2,715,000,000","2,690,000,000","2,543,000,000","2,302,000,000","2,061,000,000","1,938,000,000","1,908,000,000","1,679,000,000","1,717,000,000","1,667,000,000","1,784,000,000","1,752,000,000","1,714,000,000","1,596,000,000","1,432,000,000","1,269,000,000","1,226,000,000","1,148,000,000","1,099,000,000","923,000,000","900,000,000","933,000,000","788,000,000","705,000,000","712,000,000","699,000,000","752,000,000","820,000,000","882,000,000","947,000,000","1,062,000,000","907,000,000","799,000,000","882,000,000","895,000,000","905,000,000","767,000,000","594,000,000","547,000,000","489,000,000","489,000,000","440,000,000","394,000,000","322,000,000","302,000,000","293,000,000","285,000,000","252,221,000","227,761,000","216,937,000","218,084,000","200,378,000","197,433,000","194,066,000","178,073,000","146,129,000","122,566,000","105,771,000","105,136,000","88,359,000","83,286,000","80,172,000","73,099,000","55,654,000","47,917,000","41,394,000","36,508,000","21,888,000","18,256,000"
			CurrentDeferredRevenue,"4,137,000,000","4,303,000,000","3,846,000,000","3,715,000,000","3,908,000,000","3,585,000,000","3,272,000,000","3,198,000,000","3,288,000,000","2,968,000,000","2,715,000,000","2,690,000,000","2,543,000,000","2,302,000,000","2,061,000,000","1,938,000,000","1,908,000,000","1,679,000,000","1,717,000,000","1,667,000,000","1,784,000,000","1,752,000,000","1,714,000,000","1,596,000,000","1,432,000,000","1,269,000,000","1,226,000,000","1,148,000,000","1,099,000,000","923,000,000","900,000,000","933,000,000","788,000,000","705,000,000","712,000,000","699,000,000","752,000,000","820,000,000","882,000,000","947,000,000","1,062,000,000","907,000,000","799,000,000","882,000,000","895,000,000","905,000,000","767,000,000","594,000,000","547,000,000","489,000,000","489,000,000","440,000,000","394,000,000","322,000,000","302,000,000","293,000,000","285,000,000","252,221,000","227,761,000","216,937,000","218,084,000","200,378,000","197,433,000","194,066,000","178,073,000","146,129,000","122,566,000","105,771,000","105,136,000","88,359,000","83,286,000","80,172,000","73,099,000","55,654,000","47,917,000","41,394,000","36,508,000","21,888,000","18,256,000"
		OtherCurrentLiabilities,"9,525,000,000","9,143,000,000","9,446,000,000","9,354,000,000","9,106,000,000","8,264,000,000","9,191,000,000","9,670,000,000","9,799,000,000","10,073,000,000","10,254,000,000","10,099,000,000","10,409,000,000","9,921,000,000","9,510,000,000","9,357,000,000","9,405,000,000","9,191,000,000","9,521,000,000","9,388,000,000","7,754,000,000","7,993,000,000","7,914,000,000","3,028,000,000","2,874,000,000","2,844,000,000","2,755,000,000",,,,,,,,,,"-1,000,000","2,199,000,000","2,304,000,000","2,028,000,000",,,,,"49,000,000",,,,,,,,,"22,000,000",,,,,,,"81,549,000",,,,,,,,"375,000",,"108,283,000","211,560,000","27,774,000","26,090,000",,,,,
	TotalNonCurrentLiabilitiesNetMinorityInterest,"37,199,000,000","37,214,000,000","38,194,000,000","39,743,000,000","39,820,000,000","38,650,000,000","38,412,000,000","41,144,000,000","43,379,000,000","41,054,000,000","42,081,000,000","41,629,000,000","40,238,000,000","38,123,000,000","27,512,000,000","29,555,000,000","29,246,000,000","28,851,000,000","27,909,000,000","26,967,000,000","20,544,000,000","20,397,000,000","19,707,000,000","20,716,000,000","20,610,000,000","11,743,000,000","11,650,000,000","12,551,000,000","11,705,000,000","11,522,000,000","9,072,000,000","8,494,000,000","7,820,000,000","9,583,000,000","9,662,000,000","10,616,000,000","8,548,000,000","9,046,000,000","8,762,000,000","8,545,000,000","7,703,000,000","7,604,000,000","7,001,000,000","7,967,000,000","7,746,000,000","7,268,000,000","7,302,000,000","5,690,000,000","5,516,000,000","5,370,000,000","5,072,000,000","1,777,000,000","1,614,000,000","1,522,000,000","1,685,000,000","1,666,000,000","1,746,000,000","1,659,318,000","1,562,942,000","1,481,080,000","1,226,623,000","1,107,835,000","921,256,000","806,972,000","610,525,000","521,212,000","445,082,000","383,875,000","128,924,000","80,098,000","61,568,000","71,578,000","107,472,000","98,085,000","95,491,000","45,009,000","43,927,000","25,025,000","58,766,000"
		LongTermDebtAndCapitalLeaseObligation,"25,713,000,000","26,331,000,000","26,451,000,000","26,496,000,000","27,202,000,000","26,637,000,000","26,431,000,000","26,154,000,000","26,206,000,000","25,759,000,000","25,947,000,000","25,269,000,000","25,078,000,000","24,886,000,000","14,727,000,000","15,492,000,000","14,768,000,000","13,748,000,000","13,162,000,000","12,272,000,000","4,012,000,000","3,986,000,000","3,981,000,000","3,973,000,000","3,969,000,000","3,964,000,000","3,955,000,000","3,937,000,000","3,935,000,000","3,938,000,000","1,984,000,000","1,987,000,000","1,995,000,000","1,994,000,000","2,225,000,000","3,226,000,000","3,228,000,000","3,230,000,000","3,232,000,000","3,234,000,000","2,236,000,000","2,238,000,000","1,989,000,000","2,989,000,000","2,988,000,000","2,988,000,000","2,987,000,000","2,987,000,000","2,986,000,000","2,986,000,000","2,985,000,000",,,,,,,,,,,,,,,,,,,,,,,,,,"0","63,000","456,000"
			LongTermDebt,"11,870,000,000","11,867,000,000","11,864,000,000","11,861,000,000","12,857,000,000","12,854,000,000","12,850,000,000","12,847,000,000","12,844,000,000","14,288,000,000","14,328,000,000","13,887,000,000","12,832,000,000","13,902,000,000","2,963,000,000","3,960,000,000","4,554,000,000","3,956,000,000","3,954,000,000","3,952,000,000","3,950,000,000","3,948,000,000","3,947,000,000","3,944,000,000","3,943,000,000","3,941,000,000","3,939,000,000","3,937,000,000","3,935,000,000","3,938,000,000","1,984,000,000","1,987,000,000","1,995,000,000","1,994,000,000","1,994,000,000","2,993,000,000","2,992,000,000","2,992,000,000","2,991,000,000","2,991,000,000","1,990,000,000","1,990,000,000","1,989,000,000","2,989,000,000","2,988,000,000","2,988,000,000","2,987,000,000","2,987,000,000","2,986,000,000","2,986,000,000","2,985,000,000",,,,,,,,,,,,,,,,,,,,,,,,,,,,
			LongTermCapitalLeaseObligation,"13,843,000,000","14,464,000,000","14,587,000,000","14,635,000,000","14,345,000,000","13,783,000,000","13,581,000,000","13,307,000,000","13,362,000,000","11,471,000,000","11,619,000,000","11,382,000,000","12,246,000,000","10,984,000,000","11,764,000,000","11,532,000,000","10,214,000,000","9,792,000,000","9,208,000,000","8,320,000,000","62,000,000","38,000,000","34,000,000","29,000,000","26,000,000","23,000,000","16,000,000",,"0",,,,"0","0","231,000,000","233,000,000","236,000,000","238,000,000","241,000,000","243,000,000","246,000,000","248,000,000",,,"0",,,,,,,,,,,,,,,,,,,,,,,,,,,,,,,,"0","63,000","456,000"
		NonCurrentDeferredLiabilities,"1,396,000,000","1,412,000,000","1,225,000,000","1,152,000,000","1,113,000,000","1,070,000,000","1,396,000,000","3,342,000,000","5,792,000,000","4,061,000,000","5,213,000,000","4,936,000,000","4,042,000,000","2,427,000,000","2,194,000,000","2,429,000,000","2,059,000,000","2,111,000,000","2,279,000,000","1,673,000,000","1,660,000,000","1,635,000,000","837,000,000","709,000,000","770,000,000","497,000,000","714,000,000","927,000,000","428,000,000","562,000,000","802,000,000","730,000,000","340,000,000","2,109,000,000","1,862,000,000","1,938,000,000","862,000,000","1,708,000,000","1,718,000,000","1,951,000,000","2,086,000,000","2,222,000,000","2,037,000,000","2,057,000,000","1,972,000,000","1,561,000,000","1,606,000,000","426,000,000","331,000,000","294,000,000","157,000,000","32,000,000","35,000,000","33,000,000","31,000,000","36,000,000","42,000,000","35,846,000","31,675,000","30,146,000","42,333,000","50,412,000","53,130,000","31,748,000","30,249,000","23,676,000","21,673,000","39,800,000","60,427,000","16,794,000",,,"35,419,000","37,051,000","44,180,000",,"7,443,000",,"42,199,000"
			NonCurrentDeferredTaxesLiabilities,"485,000,000","528,000,000","558,000,000","542,000,000","514,000,000","476,000,000","924,000,000","2,843,000,000","5,257,000,000","3,551,000,000","4,703,000,000","4,406,000,000","3,561,000,000","1,973,000,000","1,797,000,000","2,079,000,000","1,701,000,000","1,747,000,000","1,892,000,000","1,282,000,000","1,264,000,000","1,318,000,000","479,000,000","394,000,000","430,000,000","151,000,000","369,000,000","604,000,000","226,000,000","393,000,000","651,000,000","599,000,000","189,000,000","1,976,000,000","1,754,000,000","1,845,000,000","758,000,000","1,554,000,000","1,625,000,000","1,848,000,000","1,947,000,000","2,097,000,000","1,905,000,000","1,978,000,000","1,872,000,000","1,461,000,000","1,509,000,000","384,000,000","287,000,000","263,000,000","129,000,000",,"0",,,,"0","0","0","0","12,515,000","20,420,000","22,197,000",,"0","0","0","18,821,000","40,421,000","0",,,"35,419,000","37,051,000","44,180,000",,"0",,"42,199,000"
			NonCurrentDeferredRevenue,"911,000,000","884,000,000","667,000,000","610,000,000","599,000,000","594,000,000","472,000,000","499,000,000","535,000,000","510,000,000","510,000,000","530,000,000","481,000,000","454,000,000","397,000,000","350,000,000","358,000,000","364,000,000","387,000,000","391,000,000","396,000,000","317,000,000","358,000,000","315,000,000","340,000,000","346,000,000","345,000,000","323,000,000","202,000,000","169,000,000","151,000,000","131,000,000","151,000,000","133,000,000","108,000,000","93,000,000","104,000,000","154,000,000","93,000,000","103,000,000","139,000,000","125,000,000","132,000,000","79,000,000","100,000,000","100,000,000","97,000,000","42,000,000","44,000,000","31,000,000","28,000,000","32,000,000","35,000,000","33,000,000","31,000,000","36,000,000","42,000,000","35,846,000","31,675,000","30,146,000","29,818,000","29,992,000","30,933,000","31,748,000","30,249,000","23,676,000","21,673,000","20,979,000","20,006,000","16,794,000",,,,,,,"7,443,000",,
		TradeandOtherPayablesNonCurrent,"8,474,000,000","8,038,000,000","8,753,000,000","9,722,000,000","9,258,000,000","8,572,000,000","8,163,000,000","9,406,000,000","9,176,000,000","8,984,000,000","8,651,000,000","9,278,000,000","8,849,000,000","8,616,000,000","8,599,000,000","9,207,000,000","9,885,000,000","11,355,000,000","10,969,000,000","11,605,000,000","11,327,000,000","11,562,000,000","11,652,000,000","12,885,000,000","12,812,000,000","4,358,000,000","4,128,000,000","4,924,000,000","4,677,000,000","4,461,000,000","4,135,000,000","3,812,000,000","3,663,000,000","3,596,000,000","3,615,000,000","3,717,000,000","3,340,000,000","3,117,000,000","3,002,000,000","2,826,000,000","2,638,000,000","2,434,000,000","2,271,000,000","2,184,000,000","2,046,000,000","2,034,000,000","1,898,000,000","1,787,000,000","1,693,000,000","1,594,000,000","1,469,000,000","1,322,000,000","1,200,000,000","1,098,000,000","1,318,000,000","1,300,000,000","1,392,000,000","1,318,315,000","1,232,984,000","1,160,158,000","890,115,000","783,348,000","711,827,000","633,022,000","478,372,000","406,555,000","340,762,000","267,209,000","0",,,,,,,,,,
		DerivativeProductLiabilities,,,,,,,,,,,,,,,,,,,,,,,,,,,,,,,,,,,,,,,,,,,,,,,,,,,,,,,,,,,,,,,,,,,,,,,,,,,,,"5,982,000",,
		PreferredSecuritiesOutsideStockEquity,,,,,,,,,,,,,,,,,,,,,,,,,,,,,,,,,,,,,,,,,,,,,,,,,,,,,,,,,,,,,,,,,,,,,,,,,,,,,"0",,
		OtherNonCurrentLiabilities,"1,616,000,000","1,433,000,000","1,765,000,000","2,373,000,000","2,247,000,000","2,371,000,000","2,422,000,000","2,242,000,000","2,205,000,000","2,250,000,000","2,270,000,000","2,146,000,000","2,269,000,000","2,194,000,000","1,992,000,000","2,427,000,000","2,534,000,000","1,637,000,000","1,499,000,000","1,417,000,000","3,545,000,000","3,214,000,000","3,237,000,000","3,149,000,000","3,059,000,000","2,924,000,000","2,853,000,000","2,763,000,000","2,665,000,000","2,561,000,000","2,151,000,000","1,965,000,000","1,822,000,000","1,884,000,000","1,960,000,000","1,735,000,000","1,118,000,000","991,000,000","810,000,000","534,000,000","743,000,000","710,000,000","704,000,000","737,000,000","740,000,000","685,000,000","811,000,000","490,000,000","506,000,000","496,000,000","461,000,000","423,000,000","379,000,000","391,000,000","336,000,000","330,000,000","312,000,000","305,157,000","298,283,000","290,776,000","294,175,000","274,075,000","156,299,000","142,202,000","101,904,000","90,981,000","82,647,000","76,866,000","68,497,000","63,304,000",,,"72,053,000","61,034,000","51,311,000",,"30,502,000","24,962,000","16,111,000"
TotalEquityGrossMinorityInterest,"283,379,000,000","273,202,000,000","267,141,000,000","260,894,000,000","256,144,000,000","253,626,000,000","255,419,000,000","254,004,000,000","251,635,000,000","244,567,000,000","237,565,000,000","230,013,000,000","222,544,000,000","212,920,000,000","207,322,000,000","203,659,000,000","201,442,000,000","194,969,000,000","192,192,000,000","183,472,000,000","177,628,000,000","169,840,000,000","162,000,000,000","160,825,000,000","152,502,000,000","157,100,000,000","148,286,000,000","144,949,000,000","139,036,000,000","134,103,000,000","127,879,000,000","123,569,000,000","120,331,000,000","116,241,000,000","111,783,000,000","108,448,000,000","103,860,000,000","98,815,000,000","95,749,000,000","91,711,000,000","87,309,000,000","82,989,000,000","78,852,000,000","75,473,000,000","71,715,000,000","68,028,000,000","64,721,000,000","61,712,000,000","58,145,000,000","54,830,000,000","51,991,000,000","48,851,000,000","46,241,000,000","43,290,000,000","40,613,000,000","38,283,000,000","36,004,000,000","33,721,753,000","31,594,856,000","29,848,095,000","28,238,862,000","27,474,862,000","25,913,015,000","24,337,535,000","22,689,679,000","21,036,771,000","19,659,608,000","18,377,210,000","17,039,840,000","14,397,087,000","13,357,008,000","10,243,268,000","9,418,957,000","8,793,068,000","3,953,857,000","3,426,862,000","2,929,056,000","2,589,023,000","1,016,999,000"
	StockholdersEquity,"283,379,000,000","273,202,000,000","267,141,000,000","260,894,000,000","256,144,000,000","253,626,000,000","255,419,000,000","254,004,000,000","251,635,000,000","244,567,000,000","237,565,000,000","230,013,000,000","222,544,000,000","212,920,000,000","207,322,000,000","203,659,000,000","201,442,000,000","194,969,000,000","192,192,000,000","183,472,000,000","177,628,000,000","169,840,000,000","162,000,000,000","160,825,000,000","152,502,000,000","157,100,000,000","148,286,000,000","144,949,000,000","139,036,000,000","134,103,000,000","127,879,000,000","123,569,000,000","120,331,000,000","116,241,000,000","111,783,000,000","108,448,000,000","103,860,000,000","98,815,000,000","95,749,000,000","91,711,000,000","87,309,000,000","82,989,000,000","78,852,000,000","75,473,000,000","71,715,000,000","68,028,000,000","64,721,000,000","61,712,000,000","58,145,000,000","54,830,000,000","51,991,000,000","48,851,000,000","46,241,000,000","43,290,000,000","40,613,000,000","38,283,000,000","36,004,000,000","33,721,753,000","31,594,856,000","29,848,095,000","28,238,862,000","27,474,862,000","25,913,015,000","24,337,535,000","22,689,679,000","21,036,771,000","19,659,608,000","18,377,210,000","17,039,840,000","14,397,087,000","13,357,008,000","10,243,268,000","9,418,957,000","8,793,068,000","3,953,857,000","3,426,862,000","2,929,056,000","2,589,023,000","1,016,999,000"
		CapitalStock,"76,534,000,000","74,591,000,000","72,248,000,000","70,269,000,000","68,184,000,000","66,258,000,000","64,402,000,000","62,832,000,000","61,774,000,000","61,193,000,000","60,436,000,000","59,436,000,000","58,510,000,000","57,307,000,000","55,937,000,000","53,688,000,000","50,552,000,000","49,040,000,000","47,937,000,000","46,532,000,000","45,049,000,000","43,111,000,000","42,243,000,000","41,487,000,000","40,247,000,000","39,609,000,000","38,509,000,000","37,698,000,000","36,307,000,000","35,337,000,000","34,293,000,000","33,695,000,000","32,982,000,000","31,864,000,000","30,722,000,000","29,527,000,000","28,767,000,000","27,948,000,000","27,111,000,000","26,652,000,000","25,922,000,000","25,004,000,000","24,334,000,000","23,429,000,000","22,835,000,000","22,204,000,000","21,357,000,000","20,795,000,000","20,264,000,000","19,697,000,000","19,216,000,000","18,804,000,000","18,235,000,000","17,435,000,000","17,109,000,000","16,171,000,000","15,817,000,000","317,000","316,000","316,000","315,000","315,000","314,000","314,000","313,000","312,000","311,000","310,000","309,000","304,000","303,000","295,000","293,000","290,000","273,000","271,000","267,000","273,000","80,025,000"
			PreferredStock,"0","0","0","0","0","0","0","0","0",,"0","0","0","0","0",,"0","0","0","0","0","0","0","0","0","0","0","0","0","0","0","0","0","0","0","0","0","0","0","0","0","0","0","0","0","0","0","0","0","0","0","0","0","0","0","0","0","0","0","0","0","0","0","0","0",,,,"0",,,,,,,,"0",,"79,860,000"
			CommonStock,"76,534,000,000","74,591,000,000","72,248,000,000","70,269,000,000","68,184,000,000","66,258,000,000","64,402,000,000","62,832,000,000","61,774,000,000","61,193,000,000","60,436,000,000","59,436,000,000","58,510,000,000","57,307,000,000","55,937,000,000","53,688,000,000","50,552,000,000","49,040,000,000","47,937,000,000","46,532,000,000","45,049,000,000","43,111,000,000","42,243,000,000","41,487,000,000","40,247,000,000","39,609,000,000","38,509,000,000","37,698,000,000","36,307,000,000","35,337,000,000","34,293,000,000","33,695,000,000","32,982,000,000","31,864,000,000","30,722,000,000","29,527,000,000","28,767,000,000","27,948,000,000","27,111,000,000","26,652,000,000","25,922,000,000","25,004,000,000","24,334,000,000","23,429,000,000","22,835,000,000","22,204,000,000","21,357,000,000","20,795,000,000","20,264,000,000","19,697,000,000","19,216,000,000","18,804,000,000","18,235,000,000","17,435,000,000","17,109,000,000","16,171,000,000","15,817,000,000","317,000","316,000","316,000","315,000","315,000","314,000","314,000","313,000","312,000","311,000","310,000","309,000","304,000","303,000","295,000","293,000","290,000","273,000","271,000","267,000","273,000","165,000"
		AdditionalPaidInCapital,,,,,,,,,,,,,,,,,,,,,,,,,,,,,,,,,,,,,,,,,,,,,,,,,,,,,,,"16,791,000,000","15,853,000,000","15,816,738,000","15,380,673,000","15,044,103,000","14,694,501,000","14,450,338,000","14,194,197,000","13,904,271,000","13,561,948,000","13,241,221,000","12,831,437,000","12,576,560,000","12,211,590,000","11,882,906,000","10,289,724,000","10,014,393,000","7,605,177,000","7,477,792,000","7,234,487,000","2,837,395,000","2,673,131,000","2,582,352,000","2,497,299,000","956,882,000"
		RetainedEarnings,"211,247,000,000","205,647,000,000","200,884,000,000","196,625,000,000","195,563,000,000","196,220,000,000","196,845,000,000","195,221,000,000","191,484,000,000","183,782,000,000","176,939,000,000","170,580,000,000","163,401,000,000","155,567,000,000","151,681,000,000","151,068,000,000","152,122,000,000","147,125,000,000","145,346,000,000","138,720,000,000","134,885,000,000","128,405,000,000","121,282,000,000","120,008,000,000","113,247,000,000","118,237,000,000","111,505,000,000","109,420,000,000","105,131,000,000","99,798,000,000","94,737,000,000","91,168,000,000","89,223,000,000","85,969,000,000","81,990,000,000","79,292,000,000","75,066,000,000","70,949,000,000","68,136,000,000","64,714,000,000","61,262,000,000","57,886,000,000","54,916,000,000","51,688,000,000","48,342,000,000","45,456,000,000","43,280,000,000","40,495,000,000","37,605,000,000","34,901,000,000","32,172,000,000","29,666,000,000","27,868,000,000","25,324,000,000","23,158,000,000","21,949,000,000","20,082,000,000","18,107,978,000","16,469,003,000","14,984,458,000","13,561,630,000","13,179,188,000","11,889,249,000","10,641,858,000","9,334,772,000","8,123,478,000","7,053,489,000","6,128,368,000","5,133,314,000","4,102,597,000","3,369,236,000","2,648,159,000","2,055,868,000","1,683,660,000","1,302,478,000","959,664,000","590,471,000","386,371,000","334,388,000"
		GainsLossesNotAffectingRetainedEarnings,"-4,402,000,000","-7,036,000,000","-5,991,000,000","-6,000,000,000","-7,603,000,000","-8,852,000,000","-5,828,000,000","-4,049,000,000","-1,623,000,000","-408,000,000","190,000,000","-3,000,000","633,000,000","46,000,000","-296,000,000","-1,097,000,000","-1,232,000,000","-1,196,000,000","-1,091,000,000","-1,780,000,000","-2,306,000,000","-1,676,000,000","-1,525,000,000","-670,000,000","-992,000,000","-746,000,000","-1,728,000,000","-2,169,000,000","-2,402,000,000","-1,032,000,000","-1,151,000,000","-1,294,000,000","-1,874,000,000","-1,592,000,000","-929,000,000","-371,000,000","27,000,000","-82,000,000","502,000,000","345,000,000","125,000,000","99,000,000","-398,000,000","356,000,000","538,000,000","368,000,000","84,000,000","422,000,000","276,000,000","232,000,000","603,000,000","381,000,000","138,000,000","531,000,000","346,000,000","163,000,000","105,000,000","232,785,000","81,434,000","168,820,000","226,579,000","101,162,000","119,181,000","133,415,000","113,373,000","81,544,000","29,248,000","36,942,000","23,311,000","4,462,000","-26,924,000","-10,363,000","-114,996,000","-125,369,000","-186,289,000","-206,204,000","5,436,000","-294,920,000","-354,296,000"
			UnrealizedGainLoss,,,,,,,,,,,"1,008,000,000",,,,,,,,,,,,,,,,,,,,,,,,,,,,,,,,,,,,,,,,,,,,,,,,,,,,,,,,,,,,,,,,,,,,
			ForeignCurrencyTranslationAdjustments,,,,,,,,,,,"-921,000,000",,,,,,,,,,,,,,,,,,,,,,,,,,,,,,,,,,,,,,,,,,,,,,,,,,"6,677,000",,,,,,,,,,,,,,,,,,
			OtherEquityAdjustments,"-4,402,000,000","-7,036,000,000","-5,991,000,000","-6,000,000,000","-7,603,000,000","-8,852,000,000","-5,828,000,000","-4,049,000,000","-1,623,000,000","-408,000,000","103,000,000","-3,000,000","633,000,000","46,000,000","-296,000,000","-1,097,000,000","-1,232,000,000","-1,196,000,000","-1,091,000,000","-1,780,000,000","-2,306,000,000","-1,676,000,000","-1,525,000,000","-670,000,000","-992,000,000","-746,000,000","-1,728,000,000","-2,169,000,000","-2,402,000,000","-1,032,000,000","-1,151,000,000","-1,294,000,000","-1,874,000,000","-1,592,000,000","-929,000,000","-371,000,000","27,000,000","-82,000,000","502,000,000","345,000,000","125,000,000","99,000,000","-398,000,000","356,000,000","538,000,000","368,000,000","84,000,000","422,000,000","276,000,000","232,000,000","603,000,000","381,000,000","138,000,000","531,000,000","346,000,000","163,000,000","105,000,000","232,785,000","81,434,000","168,820,000","226,579,000","101,162,000","119,181,000","133,415,000","113,373,000","81,544,000","29,248,000","36,942,000","23,311,000","4,462,000",,,,,,,"5,436,000",,
		OtherEquityInterest,,,,,,,,,,,,,,,,,,,,,,,,,,,,,,,,,,,,,,,,,,,,,,,,,,,,,,,,,,,,,,,,,,,,,,,,,,,,,"-249,470,000",,
TotalCapitalization,"295,249,000,000","285,069,000,000","279,005,000,000","272,755,000,000","269,001,000,000","266,480,000,000","268,269,000,000","266,851,000,000","264,479,000,000","258,855,000,000","251,893,000,000","243,900,000,000","235,376,000,000","226,822,000,000","210,285,000,000","207,619,000,000","205,996,000,000","198,925,000,000","196,146,000,000","187,424,000,000","181,578,000,000","173,788,000,000","165,947,000,000","164,769,000,000","156,445,000,000","161,041,000,000","152,225,000,000","148,886,000,000","142,971,000,000","138,041,000,000","129,863,000,000","125,556,000,000","122,326,000,000","118,235,000,000","113,777,000,000","111,441,000,000","106,852,000,000","101,807,000,000","98,740,000,000","94,702,000,000","89,299,000,000","84,979,000,000","80,841,000,000","78,462,000,000","74,703,000,000","71,016,000,000","67,708,000,000","64,699,000,000","61,131,000,000","57,816,000,000","54,976,000,000","48,851,000,000","46,241,000,000","43,290,000,000","40,613,000,000","38,283,000,000","36,004,000,000","33,721,753,000","31,594,856,000","29,848,095,000","28,238,862,000","27,474,862,000","25,913,015,000","24,337,535,000","22,689,679,000","21,036,771,000","19,659,608,000","18,377,210,000","17,039,840,000","14,397,087,000","13,357,008,000","10,243,268,000","9,418,957,000","8,793,068,000","3,953,857,000","3,426,862,000","2,929,056,000","2,589,023,000","1,016,999,000"
PreferredStockEquity,,,,,,,,,,,,,,,,,,,,,,,,,,,,,,,,,,,,,,,,,,,,,,,,,,,,,,,,,,,,,,,,,,,,,,,,,,,,,,,"79,860,000"
CommonStockEquity,"283,379,000,000","273,202,000,000","267,141,000,000","260,894,000,000","256,144,000,000","253,626,000,000","255,419,000,000","254,004,000,000","251,635,000,000","244,567,000,000","237,565,000,000","230,013,000,000","222,544,000,000","212,920,000,000","207,322,000,000","203,659,000,000","201,442,000,000","194,969,000,000","192,192,000,000","183,472,000,000","177,628,000,000","169,840,000,000","162,000,000,000","160,825,000,000","152,502,000,000","157,100,000,000","148,286,000,000","144,949,000,000","139,036,000,000","134,103,000,000","127,879,000,000","123,569,000,000","120,331,000,000","116,241,000,000","111,783,000,000","108,448,000,000","103,860,000,000","98,815,000,000","95,749,000,000","91,711,000,000","87,309,000,000","82,989,000,000","78,852,000,000","75,473,000,000","71,715,000,000","68,028,000,000","64,721,000,000","61,712,000,000","58,145,000,000","54,830,000,000","51,991,000,000","48,851,000,000","46,241,000,000","43,290,000,000","40,613,000,000","38,283,000,000","36,004,000,000","33,721,753,000","31,594,856,000","29,848,095,000","28,238,862,000","27,474,862,000","25,913,015,000","24,337,535,000","22,689,679,000","21,036,771,000","19,659,608,000","18,377,210,000","17,039,840,000","14,397,087,000","13,357,008,000","10,243,268,000","9,418,957,000","8,793,068,000","3,953,857,000","3,426,862,000","2,929,056,000","2,589,023,000","937,139,000"
CapitalLeaseObligations,"16,634,000,000","17,179,000,000","17,250,000,000","17,260,000,000","16,822,000,000","16,068,000,000","15,878,000,000","15,574,000,000","15,551,000,000","13,572,000,000","13,656,000,000","13,270,000,000","13,940,000,000","12,519,000,000","13,180,000,000","12,844,000,000","11,413,000,000","9,792,000,000","9,208,000,000","8,320,000,000","62,000,000","38,000,000","34,000,000","29,000,000","26,000,000","23,000,000","16,000,000",,"0","0","220,000,000","223,000,000","225,000,000","238,000,000","240,000,000","242,000,000","246,000,000","247,000,000","250,000,000","252,000,000","255,000,000","257,000,000",,,"0",,,,,,,,,,,,,,,,,,,,,,,,,,,,,,,,"1,902,000","63,000","456,000"
NetTangibleAssets,"254,181,000,000","242,223,000,000","235,965,000,000","229,932,000,000","227,184,000,000","222,600,000,000","230,093,000,000","229,681,000,000","227,262,000,000","220,395,000,000","213,533,000,000","205,849,000,000","199,924,000,000","190,530,000,000","184,801,000,000","181,085,000,000","178,839,000,000","175,153,000,000","172,290,000,000","163,466,000,000","157,520,000,000","149,497,000,000","141,443,000,000","140,154,000,000","133,063,000,000","137,486,000,000","128,749,000,000","125,265,000,000","119,261,000,000","114,708,000,000","108,586,000,000","104,046,000,000","100,615,000,000","96,543,000,000","91,960,000,000","88,495,000,000","83,654,000,000","78,610,000,000","75,929,000,000","72,217,000,000","69,751,000,000","65,273,000,000","60,898,000,000","57,554,000,000","53,705,000,000","49,789,000,000","46,739,000,000","52,846,000,000","49,221,000,000","46,367,000,000","43,933,000,000","41,527,000,000","38,941,000,000","36,198,000,000","33,921,000,000","32,371,000,000","30,326,000,000","28,049,288,000","25,901,557,000","24,107,436,000","22,402,318,000","21,605,499,000","19,920,219,000","18,342,164,000","19,943,715,000","18,274,122,000","17,596,905,000","16,430,118,000","15,147,880,000","13,882,536,000","12,891,810,000","9,763,889,000","9,141,274,000","8,564,465,000","3,737,253,000","3,240,611,000","2,735,169,000","2,443,548,000","913,244,000"
WorkingCapital,"89,716,000,000","90,015,000,000","91,079,000,000","93,131,000,000","95,495,000,000","100,130,000,000","111,017,000,000","115,905,000,000","123,889,000,000","122,328,000,000","119,956,000,000","116,684,000,000","117,462,000,000","116,169,000,000","105,411,000,000","106,829,000,000","107,357,000,000","109,134,000,000","110,437,000,000","103,297,000,000","101,056,000,000","98,401,000,000","94,254,000,000","98,367,000,000","100,125,000,000","98,652,000,000","93,701,000,000","93,538,000,000","88,652,000,000","84,223,000,000","76,897,000,000","73,271,000,000","70,804,000,000","69,646,000,000","66,802,000,000","65,977,000,000","61,877,000,000","62,195,000,000","60,808,000,000","59,044,000,000","56,978,000,000","54,383,000,000","51,532,000,000","49,556,000,000","46,117,000,000","42,387,000,000","39,829,000,000","47,117,000,000","43,845,000,000","41,154,000,000","38,644,000,000","33,978,000,000","31,566,000,000","30,917,000,000","29,414,000,000","28,210,000,000","26,420,000,000","24,031,770,000","21,833,891,000","19,896,948,000","17,876,092,000","15,738,574,000","13,971,322,000","13,004,456,000","15,253,536,000","13,951,094,000","13,538,328,000","12,826,421,000","11,735,260,000","10,642,196,000","10,080,677,000","8,575,933,000","8,255,687,000","7,822,837,000","3,200,840,000","2,765,146,000","2,353,097,000","2,085,741,000","629,632,000"
InvestedCapital,"295,249,000,000","285,069,000,000","279,005,000,000","272,755,000,000","269,001,000,000","266,480,000,000","268,269,000,000","266,851,000,000","264,479,000,000","258,855,000,000","251,893,000,000","243,900,000,000","235,376,000,000","226,822,000,000","210,285,000,000","207,619,000,000","205,996,000,000","198,925,000,000","196,146,000,000","187,424,000,000","181,578,000,000","173,788,000,000","165,947,000,000","166,098,000,000","156,445,000,000","161,041,000,000","152,225,000,000","148,886,000,000","142,971,000,000","138,041,000,000","131,862,000,000","128,554,000,000","125,326,000,000","121,234,000,000","116,776,000,000","113,441,000,000","108,852,000,000","103,807,000,000","100,740,000,000","97,702,000,000","92,299,000,000","87,979,000,000","83,841,000,000","80,612,000,000","77,203,000,000","74,234,000,000","70,926,000,000","67,167,000,000","62,349,000,000","59,034,000,000","56,193,000,000","52,067,000,000","49,706,000,000","45,390,000,000","40,613,000,000","38,283,000,000","36,004,000,000","33,721,753,000","31,594,856,000","29,848,095,000","28,238,862,000","27,474,862,000","25,913,015,000","24,337,535,000","22,689,679,000","21,036,771,000","19,659,608,000","18,377,210,000","17,039,840,000","14,397,087,000","13,357,008,000","10,243,268,000","9,418,957,000","8,793,078,000","3,954,148,000","3,428,172,000","2,929,056,000","2,592,049,000","940,890,000"
TangibleBookValue,"254,181,000,000","242,223,000,000","235,965,000,000","229,932,000,000","227,184,000,000","222,600,000,000","230,093,000,000","229,681,000,000","227,262,000,000","220,395,000,000","213,533,000,000","205,849,000,000","199,924,000,000","190,530,000,000","184,801,000,000","181,085,000,000","178,839,000,000","175,153,000,000","172,290,000,000","163,466,000,000","157,520,000,000","149,497,000,000","141,443,000,000","140,154,000,000","133,063,000,000","137,486,000,000","128,749,000,000","125,265,000,000","119,261,000,000","114,708,000,000","108,586,000,000","104,046,000,000","100,615,000,000","96,543,000,000","91,960,000,000","88,495,000,000","83,654,000,000","78,610,000,000","75,929,000,000","72,217,000,000","69,751,000,000","65,273,000,000","60,898,000,000","57,554,000,000","53,705,000,000","49,789,000,000","46,739,000,000","52,846,000,000","49,221,000,000","46,367,000,000","43,933,000,000","41,527,000,000","38,941,000,000","36,198,000,000","33,921,000,000","32,371,000,000","30,326,000,000","28,049,288,000","25,901,557,000","24,107,436,000","22,402,318,000","21,605,499,000","19,920,219,000","18,342,164,000","19,943,715,000","18,274,122,000","17,596,905,000","16,430,118,000","15,147,880,000","13,882,536,000","12,891,810,000","9,763,889,000","9,141,274,000","8,564,465,000","3,737,253,000","3,240,611,000","2,735,169,000","2,443,548,000","833,384,000"
TotalDebt,"28,504,000,000","29,046,000,000","29,114,000,000","29,121,000,000","29,679,000,000","28,922,000,000","28,728,000,000","28,421,000,000","28,395,000,000","27,860,000,000","27,984,000,000","27,157,000,000","26,772,000,000","26,421,000,000","16,143,000,000","16,804,000,000","15,967,000,000","13,748,000,000","13,162,000,000","12,272,000,000","4,012,000,000","3,986,000,000","3,981,000,000","5,302,000,000","3,969,000,000","3,964,000,000","3,955,000,000","3,937,000,000","3,935,000,000","3,938,000,000","4,203,000,000","5,208,000,000","5,220,000,000","5,231,000,000","5,233,000,000","5,235,000,000","5,238,000,000","5,239,000,000","5,241,000,000","6,243,000,000","5,245,000,000","5,247,000,000","4,989,000,000","5,139,000,000","5,488,000,000","6,206,000,000","6,205,000,000","5,455,000,000","4,204,000,000","4,204,000,000","4,202,000,000","3,216,000,000","3,465,000,000","2,100,000,000",,,,,,,,,,,,,,,,,,,,"10,000","291,000","1,310,000","1,902,000","3,089,000","4,207,000"
ShareIssued,"12,460,000,000","12,541,000,000","12,629,000,000","12,722,000,000","12,849,000,000","12,971,000,000","13,078,000,000","13,175,260,000","13,242,420,000","13,293,640,000","13,352,740,000","13,421,880,000","13,504,440,000","13,554,480,000","13,624,300,000","13,679,440,000","13,766,700,000","13,818,120,000","13,881,000,000","13,895,640,000","13,911,120,000","13,919,140,000","13,918,920,000","13,898,900,000","13,895,660,000","13,895,800,000","13,857,520,000","13,842,160,000","13,825,860,000","13,782,720,000","13,735,560,000","13,735,840,000","13,746,960,000","13,753,860,000","13,709,800,000","13,665,356,694","13,622,127,905","13,584,166,581","13,536,654,333","19,127,992,094","13,420,276,576","13,353,341,431","13,312,461,050","13,227,503,371","13,186,383,213","13,129,358,459","13,065,100,727","13,023,620,902","12,983,220,047","12,937,744,119","12,894,226,282","12,872,607,237","12,839,599,208","12,756,999,245","12,732,183,291","12,718,636,419","12,698,575,862","12,665,128,260","12,644,708,047","12,644,708,047","12,577,977,240","12,577,977,240","12,565,682,193","12,551,552,045","12,523,021,489","12,501,506,216","12,473,321,245","12,449,838,119","12,426,247,657","12,234,428,518","12,162,639,517","11,877,979,974","11,877,979,974","11,810,481,696","11,158,957,103","11,083,230,117","10,926,051,334","10,926,051,334","6,095,159,456"
OrdinarySharesNumber,"12,460,000,000","12,541,000,000","12,629,000,000","12,722,000,000","12,849,000,000","12,971,000,000","13,078,000,000","13,175,260,000","13,242,420,000","13,293,640,000","13,352,740,000","13,421,880,000","13,504,440,000","13,554,480,000","13,624,300,000","13,679,440,000","13,766,700,000","13,818,120,000","13,881,000,000","13,895,640,000","13,911,120,000","13,919,140,000","13,918,920,000","13,898,900,000","13,895,660,000","13,895,800,000","13,857,520,000","13,842,160,000","13,825,860,000","13,782,720,000","13,735,560,000","13,735,840,000","13,746,960,000","13,753,860,000","13,709,800,000","13,665,356,694","13,622,127,905","13,584,166,581","13,536,654,333","19,127,992,094","13,420,276,576","13,353,341,431","13,312,461,050","13,227,503,371","13,186,383,213","13,129,358,459","13,065,100,727","13,023,620,902","12,983,220,047","12,937,744,119","12,894,226,282","12,872,607,237","12,839,599,208","12,756,999,245","12,732,183,291","12,718,636,419","12,698,575,862","12,665,128,260","12,644,708,047","12,644,708,047","12,577,977,240","12,577,977,240","12,565,682,193","12,551,552,045","12,523,021,489","12,501,506,216","12,473,321,245","12,449,838,119","12,426,247,657","12,234,428,518","12,162,639,517","11,877,979,974","11,877,979,974","11,810,481,696","11,158,957,103","11,083,230,117","10,926,051,334","10,926,051,334","6,095,159,456"
TreasurySharesNumber,"0",,,,,,,,,,,,,,,,,,,,,,,,,,,,,,,,,,,,,,,,,,,,,,,,,,,,,,,,,,,,,,,,,,,,,,,,,,,,,,