name,ttm,12/31/2023,09/30/2023,06/30/2023,03/31/2023,12/31/2022,09/30/2022,06/30/2022,03/31/2022,12/31/2021,09/30/2021,06/30/2021,03/31/2021,12/31/2020,09/30/2020,06/30/2020,03/31/2020,12/31/2019,09/30/2019,06/30/2019,03/31/2019,12/31/2018,09/30/2018,06/30/2018,03/31/2018,12/31/2017,09/30/2017,06/30/2017,03/31/2017,12/31/2016,09/30/2016,06/30/2016,03/31/2016,12/31/2015,09/30/2015,06/30/2015,03/31/2015,12/31/2014,09/30/2014,06/30/2014,03/31/2014,12/31/2013,09/30/2013,06/30/2013,03/31/2013,12/31/2012,09/30/2012,06/30/2012,03/31/2012,12/31/2011,09/30/2011,06/30/2011,03/31/2011,12/31/2010,09/30/2010,06/30/2010,03/31/2010,12/31/2009,09/30/2009,06/30/2009,03/31/2009,12/31/2008,09/30/2008,06/30/2008,03/31/2008,12/31/2007,09/30/2007,06/30/2007,03/31/2007,12/31/2006,09/30/2006,06/30/2006,03/31/2006,12/31/2005,09/30/2005,06/30/2005,03/31/2005,12/31/2004,09/30/2004
OperatingCashFlow,"101,746,000,000","18,915,000,000","30,656,000,000","28,666,000,000","23,509,000,000","23,614,000,000","23,353,000,000","19,422,000,000","25,106,000,000","24,934,000,000","25,539,000,000","21,890,000,000","19,289,000,000","22,677,000,000","17,003,000,000","13,993,000,000","11,451,000,000","14,427,000,000","15,466,000,000","12,627,000,000","12,000,000,000","12,987,000,000","13,210,000,000","10,132,000,000","11,642,000,000","10,268,000,000","9,872,000,000","7,403,000,000","9,548,000,000","9,413,000,000","9,845,000,000","9,120,000,000","7,658,000,000","6,415,000,000","6,145,000,000","7,096,000,000","6,722,000,000","6,364,000,000","5,994,000,000","5,627,000,000","4,391,000,000","5,238,000,000","5,083,000,000","4,705,000,000","3,633,000,000","4,669,000,000","4,004,000,000","4,252,000,000","3,694,000,000","3,924,000,000","3,950,000,000","3,519,000,000","3,172,000,000","3,526,000,000","2,886,000,000","2,085,000,000","2,584,000,000","2,731,531,000","2,726,000,000","1,609,000,000","2,250,000,000","2,122,299,000","2,184,958,000","1,766,154,000","1,779,446,000","1,693,248,000","1,632,643,000","1,229,926,000","1,219,593,000","910,794,000","1,004,324,000","840,586,000","824,804,000","658,434,000","646,747,000","624,619,000","529,622,000","368,097,000","238,343,000"
	CashFlowFromContinuingOperatingActivities,"101,746,000,000","18,915,000,000","30,656,000,000","28,666,000,000","23,509,000,000","23,614,000,000","23,353,000,000","19,422,000,000","25,106,000,000","24,934,000,000","25,539,000,000","21,890,000,000","19,289,000,000","22,677,000,000","17,003,000,000","13,993,000,000","11,451,000,000","14,427,000,000","15,466,000,000","12,627,000,000","12,000,000,000","12,987,000,000","13,210,000,000","10,132,000,000","11,642,000,000","10,268,000,000","9,872,000,000","7,403,000,000","9,548,000,000","9,413,000,000","9,845,000,000","9,120,000,000","7,658,000,000","6,415,000,000","6,145,000,000","7,096,000,000","6,722,000,000","6,364,000,000","5,994,000,000","5,627,000,000","4,391,000,000","5,238,000,000","5,083,000,000","4,705,000,000","3,633,000,000","4,669,000,000","4,004,000,000","4,252,000,000","3,694,000,000","3,924,000,000","3,950,000,000","3,519,000,000","3,172,000,000","3,526,000,000","2,886,000,000","2,085,000,000","2,584,000,000","2,731,531,000","2,726,000,000","1,609,000,000","2,250,000,000","2,122,299,000","2,184,958,000","1,766,154,000","1,779,446,000","1,693,248,000","1,632,643,000","1,229,926,000","1,219,593,000","910,794,000","1,004,324,000","840,586,000","824,804,000","658,434,000","646,747,000","624,619,000","529,622,000","368,097,000","238,343,000"
		NetIncomeFromContinuingOperations,"73,795,000,000","20,687,000,000","19,689,000,000","18,368,000,000","15,051,000,000","13,624,000,000","13,910,000,000","16,002,000,000","16,436,000,000","20,642,000,000","18,936,000,000","18,525,000,000","17,930,000,000","15,227,000,000","11,247,000,000","6,959,000,000","6,836,000,000","10,671,000,000","7,068,000,000","9,947,000,000","6,657,000,000","8,948,000,000","9,192,000,000","3,195,000,000","9,401,000,000","-3,020,000,000","6,732,000,000","3,524,000,000","5,426,000,000","5,333,000,000","5,061,000,000","4,877,000,000","4,207,000,000","4,923,000,000","3,979,000,000","3,931,000,000","3,515,000,000","4,757,000,000","2,739,000,000","3,270,000,000","3,452,000,000","3,376,000,000","2,970,000,000","3,228,000,000","3,346,000,000","2,886,000,000","2,176,000,000","2,785,000,000","2,890,000,000","2,704,000,000","2,729,000,000","2,506,000,000","1,798,000,000","2,543,000,000","2,167,000,000","1,840,000,000","1,955,000,000","1,974,100,000","1,639,000,000","1,484,000,000","1,423,000,000","382,442,000","1,289,939,000","1,247,391,000","1,307,086,000","1,206,449,000","1,069,989,000","925,120,000","1,002,162,000","1,030,717,000","733,361,000","721,077,000","592,291,000","372,208,000","381,182,000","342,814,000","369,193,000","204,100,000","51,983,000"
		OperatingGainsLosses,"823,000,000","-471,000,000","869,000,000","509,000,000","-84,000,000","1,663,000,000","1,378,000,000","1,041,000,000","1,437,000,000","-2,478,000,000","-2,158,000,000","-2,883,000,000","-4,751,000,000","-3,262,000,000","-2,015,000,000","-1,842,000,000","802,000,000","-399,000,000","1,479,000,000","-2,797,000,000","-1,081,000,000","-1,237,000,000","-1,353,000,000","-1,068,000,000","-2,992,000,000","34,000,000","45,000,000","3,000,000","19,000,000","71,000,000","-90,000,000","14,000,000","280,000,000","302,000,000","-1,000,000","17,000,000","16,000,000","-760,000,000","-12,000,000","-145,000,000","-220,000,000","5,000,000","-15,000,000",,,"0","0","-144,000,000","-44,000,000",,,,,,,,,,,,,,,,,"-32,526,000","-7,180,000",,,"1,674,000","6,800,000","-114,664,000","118,664,000","221,406,000","-271,597,000","166,124,000","126,285,000","116,523,000","413,952,000"
			GainLossOnSaleOfBusiness,,,,,,,,,,,,,,,,,,,,,,,,,,,,,,,,,,,,,,"-740,000,000","0",,,"5,000,000","-15,000,000",,,"0","0",,,,"0",,,,,,,,,,,,,,,,,,,,,,,,,,,,
			GainLossOnInvestmentSecurities,"823,000,000","-471,000,000","869,000,000","509,000,000","-84,000,000","1,663,000,000","1,378,000,000","1,041,000,000","1,437,000,000","-2,478,000,000","-2,158,000,000","-2,883,000,000","-4,751,000,000","-3,262,000,000","-2,015,000,000","-1,842,000,000","802,000,000","-399,000,000","1,479,000,000","-2,797,000,000","-1,081,000,000","-1,237,000,000","-1,353,000,000","-1,068,000,000","-2,992,000,000","34,000,000","45,000,000","3,000,000","19,000,000","71,000,000","-90,000,000","14,000,000","280,000,000","302,000,000","-1,000,000","17,000,000","16,000,000","-20,000,000","-12,000,000","-145,000,000","-220,000,000",,,,,,,"0","-44,000,000",,,,,,,,,,,,,,,,,,,,,,,,,,,,,,
		DepreciationAmortizationDepletion,"11,946,000,000","1,563,000,000","3,800,000,000","3,397,000,000","3,186,000,000","4,201,000,000","4,046,000,000","3,899,000,000","3,782,000,000","3,439,000,000","3,304,000,000","2,945,000,000","2,753,000,000","3,725,000,000","3,478,000,000","3,386,000,000","3,108,000,000","3,413,000,000","2,920,000,000","2,835,000,000","2,613,000,000","2,580,000,000","2,355,000,000","2,114,000,000","1,986,000,000","2,026,000,000","1,761,000,000","1,625,000,000","1,503,000,000","1,687,000,000","1,596,000,000","1,490,000,000","1,371,000,000","1,404,000,000","1,248,000,000","1,234,000,000","1,177,000,000","1,267,000,000","1,547,000,000","1,079,000,000","1,086,000,000","1,036,000,000","974,000,000","1,030,000,000","899,000,000","953,000,000","828,000,000","670,000,000","511,000,000","503,000,000","492,000,000","455,000,000","401,000,000","381,000,000","342,000,000","342,000,000","331,000,000","365,506,000","379,000,000","377,000,000","403,000,000","385,510,000","386,246,000","391,607,000","336,524,000","289,936,000","249,375,000","223,355,000","204,992,000","189,250,000","145,310,000","126,221,000","111,158,000","94,725,000","75,965,000","66,929,000","56,193,000","52,460,000","41,326,000"
			DepreciationAndAmortization,"11,946,000,000","1,563,000,000","3,800,000,000","3,397,000,000","3,186,000,000","4,201,000,000","4,046,000,000","3,899,000,000","3,782,000,000","3,439,000,000","3,304,000,000","2,945,000,000","2,753,000,000","3,725,000,000","3,478,000,000","3,386,000,000","3,108,000,000","3,413,000,000","2,920,000,000","2,835,000,000","2,613,000,000","2,580,000,000","2,355,000,000","2,114,000,000","1,986,000,000","2,026,000,000","1,761,000,000","1,625,000,000","1,503,000,000","1,687,000,000","1,596,000,000","1,490,000,000","1,371,000,000","1,404,000,000","1,248,000,000","1,234,000,000","1,177,000,000","1,267,000,000","1,547,000,000","1,079,000,000","1,086,000,000","1,036,000,000","974,000,000","1,030,000,000","899,000,000","953,000,000","828,000,000","670,000,000","511,000,000","503,000,000","492,000,000","455,000,000","401,000,000","381,000,000","342,000,000","342,000,000","331,000,000","365,506,000","379,000,000","377,000,000","403,000,000","385,510,000","386,246,000","391,607,000","336,524,000","289,936,000","249,375,000","223,355,000","204,992,000","189,250,000","145,310,000","126,221,000","111,158,000","94,725,000","75,965,000","66,929,000","56,193,000","52,460,000","41,326,000"
				Depreciation,"11,946,000,000","1,936,000,000","3,671,000,000","3,279,000,000","3,060,000,000","4,065,000,000","3,933,000,000","3,698,000,000","3,591,000,000","3,215,000,000","3,085,000,000","2,730,000,000","2,525,000,000","3,539,000,000","3,289,000,000","3,178,000,000","2,899,000,000","3,082,000,000","2,732,000,000","2,626,000,000","2,416,000,000","2,373,000,000","2,138,000,000","1,862,000,000","1,791,000,000","1,831,000,000","1,561,000,000","1,424,000,000","1,287,000,000","1,464,000,000","1,377,000,000","1,271,000,000","1,155,000,000","1,153,000,000","1,030,000,000","1,011,000,000","938,000,000","1,010,000,000","884,000,000","813,000,000","816,000,000","757,000,000","693,000,000","747,000,000","584,000,000","630,000,000","507,000,000","473,000,000","378,000,000","385,000,000","363,000,000","347,000,000","301,000,000","280,000,000","257,000,000","266,000,000","264,000,000","296,817,000","311,000,000","311,000,000","321,000,000","313,475,000","309,482,000","308,716,000","280,564,000","241,902,000","207,415,000","188,137,000","170,289,000","158,801,000","129,550,000","110,211,000","95,868,000","85,705,000","67,662,000","56,967,000","46,478,000","42,903,000","35,796,000"
				AmortizationCashFlow,,,"129,000,000","118,000,000","126,000,000","136,000,000","113,000,000","201,000,000","191,000,000","224,000,000","219,000,000","215,000,000","228,000,000","186,000,000","189,000,000","208,000,000","209,000,000","331,000,000","188,000,000","209,000,000","197,000,000","207,000,000","217,000,000","252,000,000","195,000,000","195,000,000","200,000,000","201,000,000","216,000,000","223,000,000","219,000,000","219,000,000","216,000,000","251,000,000","218,000,000","223,000,000","239,000,000","257,000,000","663,000,000","266,000,000","270,000,000","279,000,000","281,000,000","283,000,000","315,000,000","323,000,000","321,000,000","197,000,000","133,000,000","118,000,000","129,000,000","108,000,000","100,000,000","101,000,000","85,000,000","76,000,000","67,000,000","68,689,000","68,000,000","66,000,000","82,000,000","72,035,000","76,764,000","82,891,000","55,960,000","48,034,000","41,960,000","35,218,000","34,703,000","30,449,000","15,760,000","16,010,000","15,290,000","9,020,000","8,303,000","9,962,000","9,715,000","9,557,000","5,530,000"
					AmortizationOfIntangibles,,,"129,000,000","118,000,000","126,000,000","136,000,000","113,000,000","201,000,000","191,000,000","224,000,000","219,000,000","215,000,000","228,000,000","186,000,000","189,000,000","208,000,000","209,000,000","331,000,000","188,000,000","209,000,000","197,000,000","207,000,000","217,000,000","252,000,000","195,000,000","195,000,000","200,000,000","201,000,000","216,000,000","223,000,000","219,000,000","219,000,000","216,000,000","251,000,000","218,000,000","223,000,000","239,000,000","257,000,000","663,000,000","266,000,000","270,000,000","279,000,000","281,000,000","283,000,000","315,000,000","323,000,000","321,000,000","197,000,000","133,000,000","118,000,000","129,000,000","108,000,000","100,000,000","101,000,000","85,000,000","76,000,000","67,000,000","68,689,000","68,000,000","66,000,000","82,000,000","72,035,000","76,764,000","82,891,000","55,960,000","48,034,000","41,960,000","35,218,000","34,703,000","30,449,000","15,760,000","16,010,000","15,290,000","9,020,000","8,303,000","9,962,000","9,715,000","9,557,000","5,530,000"
		DeferredTax,"-7,763,000,000","-1,670,000,000","-1,824,000,000","-2,415,000,000","-1,854,000,000","-1,924,000,000","-1,920,000,000","-2,147,000,000","-2,090,000,000","1,616,000,000","-1,287,000,000","379,000,000","1,100,000,000","1,670,000,000","136,000,000","-591,000,000","175,000,000","-208,000,000","-239,000,000","693,000,000","-73,000,000","55,000,000","880,000,000","-139,000,000","-18,000,000","16,000,000","-296,000,000","-75,000,000","613,000,000","-157,000,000","-245,000,000","-50,000,000","414,000,000","387,000,000","-416,000,000","-221,000,000","71,000,000","394,000,000","-360,000,000","-282,000,000","144,000,000","-562,000,000","-140,000,000","63,000,000","202,000,000","-289,000,000","-168,000,000","-163,000,000","354,000,000","-183,000,000","62,000,000","175,000,000","289,000,000","-14,000,000","27,000,000","9,000,000","-13,000,000","20,278,000","-174,000,000","-101,000,000","-13,000,000","-100,048,000","-18,707,000","-67,676,000","-38,214,000",,"-2,079,000","-121,039,000","-61,402,000",,,,,,,,,,
			DeferredIncomeTax,"-7,763,000,000","-1,670,000,000","-1,824,000,000","-2,415,000,000","-1,854,000,000","-1,924,000,000","-1,920,000,000","-2,147,000,000","-2,090,000,000","1,616,000,000","-1,287,000,000","379,000,000","1,100,000,000","1,670,000,000","136,000,000","-591,000,000","175,000,000","-208,000,000","-239,000,000","693,000,000","-73,000,000","55,000,000","880,000,000","-139,000,000","-18,000,000","16,000,000","-296,000,000","-75,000,000","613,000,000","-157,000,000","-245,000,000","-50,000,000","414,000,000","387,000,000","-416,000,000","-221,000,000","71,000,000","394,000,000","-360,000,000","-282,000,000","144,000,000","-562,000,000","-140,000,000","63,000,000","202,000,000","-289,000,000","-168,000,000","-163,000,000","354,000,000","-183,000,000","62,000,000","175,000,000","289,000,000","-14,000,000","27,000,000","9,000,000","-13,000,000","20,278,000","-174,000,000","-101,000,000","-13,000,000","-100,048,000","-18,707,000","-67,676,000","-38,214,000",,"-2,079,000","-121,039,000","-61,402,000",,,,,,,,,,
		StockBasedCompensation,"22,460,000,000","5,659,000,000","5,743,000,000","5,774,000,000","5,284,000,000","5,100,000,000","4,976,000,000","4,782,000,000","4,504,000,000","3,954,000,000","3,874,000,000","3,803,000,000","3,745,000,000","3,223,000,000","3,195,000,000","3,382,000,000","3,191,000,000","2,645,000,000","2,624,000,000","2,756,000,000","2,769,000,000","2,253,000,000","2,230,000,000","2,413,000,000","2,457,000,000","1,847,000,000","1,820,000,000","2,003,000,000","2,009,000,000","1,846,000,000","1,860,000,000","1,503,000,000","1,494,000,000","1,436,000,000","1,432,000,000","1,132,000,000","1,203,000,000","1,187,000,000","1,290,000,000","915,000,000","887,000,000","902,000,000","886,000,000","847,000,000","708,000,000","716,000,000","762,000,000","658,000,000","556,000,000","537,000,000","571,000,000","434,000,000","432,000,000","396,000,000","380,000,000","309,000,000","291,000,000","275,974,000","317,000,000","294,000,000","277,000,000","286,172,000","280,039,000","272,776,000","280,779,000","245,300,000","197,956,000","241,524,000","183,866,000",,"99,860,000","109,149,000","114,664,000",,,,,,
		ExcessTaxBenefitFromStockBasedCompensation,,,,,,,,,,,,,,,,,,,,,,,,,,,,,,,,,,"-194,000,000","-138,000,000","-111,000,000","-105,000,000","-181,000,000","-175,000,000","-137,000,000","-155,000,000","-179,000,000","-104,000,000","-104,000,000","-94,000,000","-75,000,000","-58,000,000","-27,000,000","-28,000,000","-25,000,000","-28,000,000","-9,000,000","-24,000,000","-51,000,000","-12,000,000","-19,000,000","-12,000,000","-25,878,000","-28,000,000","-4,000,000","-32,000,000","-44,318,000","-19,791,000","-43,878,000","-51,101,000","-140,629,000","-58,762,000","-105,731,000","-74,084,000",,"-70,981,000","-180,802,000","-77,285,000",,,,,,
		OtherNonCashItems,"4,330,000,000","3,418,000,000","262,000,000","97,000,000","553,000,000","661,000,000","167,000,000","62,000,000","140,000,000","-14,000,000","64,000,000","-8,000,000","-255,000,000","392,000,000","206,000,000","372,000,000","297,000,000","-473,000,000","-71,000,000","-70,000,000","22,000,000","-107,000,000","38,000,000","137,000,000","-257,000,000","38,000,000","96,000,000","39,000,000","57,000,000","57,000,000","26,000,000","27,000,000","64,000,000","55,000,000","41,000,000","55,000,000","61,000,000","42,000,000","66,000,000","105,000,000","-14,000,000","62,000,000","98,000,000","-91,000,000","37,000,000","-4,000,000","32,000,000","-32,000,000","-24,000,000","3,000,000","-52,000,000","19,000,000","36,000,000","-5,000,000","-9,000,000","0","2,000,000","6,070,000","-3,000,000","-2,000,000","-21,000,000","-17,422,000","10,170,000","20,245,000","-44,903,000","-32,526,000","-7,180,000","6,351,000","-6,386,000","-134,432,000","6,800,000","0","4,000,000",,,,,,
		ChangeInWorkingCapital,"-3,845,000,000","-10,271,000,000","2,117,000,000","2,936,000,000","1,373,000,000","289,000,000","796,000,000","-4,217,000,000","897,000,000","-2,225,000,000","2,806,000,000","-871,000,000","-1,233,000,000","1,702,000,000","756,000,000","2,327,000,000","-2,958,000,000","-1,222,000,000","1,685,000,000","-737,000,000","1,093,000,000","495,000,000","-132,000,000","3,480,000,000","1,065,000,000","9,327,000,000","-286,000,000","284,000,000","-79,000,000","576,000,000","1,637,000,000","1,259,000,000","-172,000,000","-1,898,000,000","-138,000,000","948,000,000","679,000,000","-342,000,000","899,000,000","822,000,000","-789,000,000","598,000,000","414,000,000","422,000,000","-1,465,000,000","482,000,000","432,000,000","505,000,000","-521,000,000","275,000,000","176,000,000","-61,000,000","240,000,000","276,000,000","-9,000,000","-396,000,000","30,000,000","115,481,000","596,000,000","-439,000,000","213,000,000","135,206,000","257,062,000","-54,311,000","-10,725,000","288,930,000","183,344,000","60,346,000","-29,555,000","-192,610,000","89,974,000","64,941,000","79,976,000","-29,905,000","46,942,000","48,752,000","-22,049,000","-4,986,000","-268,918,000"
			ChangeInReceivables,"-7,833,000,000","-6,518,000,000","-2,821,000,000","-2,948,000,000","4,454,000,000","-4,615,000,000","-97,000,000","-1,969,000,000","4,364,000,000","-5,819,000,000","-2,409,000,000","-3,661,000,000","2,794,000,000","-5,445,000,000","-3,601,000,000","-80,000,000","2,602,000,000","-4,365,000,000","-1,000,000","-1,146,000,000","1,172,000,000","-2,887,000,000","-670,000,000","-312,000,000","1,700,000,000","-3,049,000,000","-1,150,000,000","-836,000,000","1,267,000,000","-2,279,000,000","-282,000,000","-835,000,000","818,000,000","-1,758,000,000","-267,000,000","-767,000,000","698,000,000","-1,151,000,000","-36,000,000","-721,000,000","267,000,000","-853,000,000","-516,000,000","-194,000,000","256,000,000","-559,000,000","-307,000,000","-222,000,000","301,000,000","-909,000,000","-223,000,000","-205,000,000","181,000,000","-673,000,000","-259,000,000","-243,000,000","46,000,000","-377,360,000","-85,000,000","-139,000,000","97,000,000","-116,138,000","78,050,000","-72,883,000","-223,493,000","-277,822,000","-234,391,000","-171,472,000","-153,562,000","-280,656,000","-150,145,000","-37,990,000","-155,221,000","-147,207,000","-120,496,000","-44,518,000","-60,069,000","-78,567,000","-41,864,000"
				ChangesInAccountReceivables,"-7,833,000,000","-6,518,000,000","-2,821,000,000","-2,948,000,000","4,454,000,000","-4,615,000,000","-97,000,000","-1,969,000,000","4,364,000,000","-5,819,000,000","-2,409,000,000","-3,661,000,000","2,794,000,000","-5,445,000,000","-3,601,000,000","-80,000,000","2,602,000,000","-4,365,000,000","-1,000,000","-1,146,000,000","1,172,000,000","-2,887,000,000","-670,000,000","-312,000,000","1,700,000,000","-3,049,000,000","-1,150,000,000","-836,000,000","1,267,000,000","-2,279,000,000","-282,000,000","-835,000,000","818,000,000","-1,758,000,000","-267,000,000","-767,000,000","698,000,000","-1,151,000,000","-36,000,000","-721,000,000","267,000,000","-853,000,000","-516,000,000","-194,000,000","256,000,000","-559,000,000","-307,000,000","-222,000,000","301,000,000","-909,000,000","-223,000,000","-205,000,000","181,000,000","-673,000,000","-259,000,000","-243,000,000","46,000,000","-377,360,000","-85,000,000","-139,000,000","97,000,000","-116,138,000","78,050,000","-72,883,000","-223,493,000","-277,822,000","-234,391,000","-171,472,000","-153,562,000",,"-150,145,000","-37,990,000","-155,221,000",,,,,,
			ChangeInInventory,,,,,,,,,,,,,,,,,,,,,,,,,,,,,,,,,,,,,,,"26,000,000","-6,000,000","26,000,000","-188,000,000","112,000,000","-16,000,000","-142,000,000","113,000,000","18,000,000","202,000,000","-32,000,000",,"-17,000,000",,,,,,,,,,,,,,,,,,,,,,,,,,,,
			ChangeInPrepaidAssets,,,,,,,,,,,,,,,,,,,,,,,,,,,,"-326,000,000","-128,000,000","198,000,000","-47,000,000","-24,000,000","185,000,000","-522,000,000","142,000,000","19,000,000","43,000,000","-1,000,000","-13,000,000","827,000,000","-308,000,000","-547,000,000","199,000,000","-136,000,000","-212,000,000","382,000,000","-27,000,000","-912,000,000","-276,000,000","-116,000,000","19,000,000","-69,000,000","-78,000,000","-59,000,000","-164,000,000","-34,000,000","-157,000,000","-51,423,000","225,000,000","10,000,000","78,000,000","22,827,000","12,844,000","-141,219,000","-41,584,000","-61,427,000","-29,738,000","-22,046,000","-185,478,000","-21,398,000","-199,785,000","-41,449,000","-26,525,000","-27,018,000","-1,703,000","6,629,000","-29,571,000","-45,645,000","-32,188,000"
			ChangeInPayablesAndAccruedExpense,"5,083,000,000","5,541,000,000","3,983,000,000","1,762,000,000","-6,203,000,000","3,973,000,000","4,037,000,000","2,584,000,000","-6,417,000,000","6,994,000,000","3,157,000,000","4,074,000,000","-4,956,000,000","6,938,000,000","4,379,000,000","1,757,000,000","-5,237,000,000","6,129,000,000","2,171,000,000","1,372,000,000","-801,000,000","3,610,000,000","2,280,000,000","5,580,000,000","-1,306,000,000","3,216,000,000","1,549,000,000","3,651,000,000","-1,839,000,000","1,504,000,000","1,454,000,000","724,000,000","-1,464,000,000","1,556,000,000","865,000,000","548,000,000","-830,000,000","1,099,000,000","461,000,000","850,000,000","-972,000,000","1,549,000,000","450,000,000","572,000,000","-999,000,000","409,000,000","453,000,000","397,000,000","-697,000,000","758,000,000","17,000,000","349,000,000","31,000,000","532,000,000","541,000,000","409,000,000","-251,000,000","382,402,000","272,000,000","76,000,000","-296,000,000","135,084,000","130,748,000","66,153,000","-190,617,000","276,227,000","334,752,000","119,649,000","-91,278,000","-211,292,000","171,049,000","93,492,000","42,153,000","25,937,000","101,047,000","30,085,000","42,694,000","103,361,000","-12,273,000"
				ChangeInPayable,"664,000,000","427,000,000","223,000,000","1,119,000,000","-1,105,000,000","-28,000,000","1,907,000,000","1,201,000,000","-2,373,000,000","1,157,000,000","238,000,000","-130,000,000","-982,000,000","963,000,000","420,000,000","146,000,000","-835,000,000","814,000,000","57,000,000","-18,000,000","-425,000,000","774,000,000","316,000,000","-145,000,000","122,000,000","673,000,000","-61,000,000","16,000,000","103,000,000","-128,000,000","459,000,000","48,000,000","-269,000,000","371,000,000","230,000,000","-374,000,000","-24,000,000","549,000,000","-127,000,000","-163,000,000","177,000,000","320,000,000","357,000,000","-159,000,000","87,000,000","-225,000,000","-194,000,000","-249,000,000","169,000,000","29,000,000","-5,000,000","50,000,000","27,000,000","-42,000,000","115,000,000","79,000,000","120,000,000","24,327,000","-33,000,000","20,000,000","22,000,000","-59,374,000","-191,402,000","-14,547,000","53,784,000","49,980,000","94,817,000","-45,406,000","-29,256,000",,"27,319,000","33,647,000","30,232,000",,,,,,
					ChangeInTaxPayable,,,,,,,,,,,,,,,,,,,,,,,,,,,,,,,,,,,,,,,,,,,,,,,,,,,"366,000,000","-171,000,000","73,000,000","397,000,000","-131,000,000","-545,000,000","381,000,000","120,373,000","161,000,000","-389,000,000","325,000,000",,"24,314,000","90,184,000","438,175,000",,,,,,,,,,,,,,
						ChangeInIncomeTaxPayable,,,,,,,,,,,,,,,,,,,,,,,,,,,,,,,,,,,,,,,,,,,,,,,,,,,"366,000,000","-171,000,000","73,000,000","397,000,000","-131,000,000","-545,000,000","381,000,000","120,373,000","161,000,000","-389,000,000","325,000,000",,"24,314,000","90,184,000","438,175,000",,,,,,,,,,,,,,
					ChangeInAccountPayable,"664,000,000","427,000,000","223,000,000","1,119,000,000","-1,105,000,000","-28,000,000","1,907,000,000","1,201,000,000","-2,373,000,000","1,157,000,000","238,000,000","-130,000,000","-982,000,000","963,000,000","420,000,000","146,000,000","-835,000,000","814,000,000","57,000,000","-18,000,000","-425,000,000","774,000,000","316,000,000","-145,000,000","122,000,000","673,000,000","-61,000,000","16,000,000","103,000,000","-128,000,000","459,000,000","48,000,000","-269,000,000","371,000,000","230,000,000","-374,000,000","-24,000,000","549,000,000","-127,000,000","-163,000,000","177,000,000","320,000,000","357,000,000","-159,000,000","87,000,000","-225,000,000","-194,000,000","-249,000,000","169,000,000","29,000,000","-5,000,000","50,000,000","27,000,000","-42,000,000","115,000,000","79,000,000","120,000,000","24,327,000","-33,000,000","20,000,000","22,000,000","-59,374,000","-191,402,000","-14,547,000","53,784,000","49,980,000","94,817,000","-45,406,000","-29,256,000",,"27,319,000","33,647,000","30,232,000",,,,,,
				ChangeInAccruedExpense,"4,419,000,000","5,114,000,000","3,760,000,000","643,000,000","-5,098,000,000","4,001,000,000","2,130,000,000","1,383,000,000","-4,044,000,000","5,837,000,000","2,919,000,000","4,204,000,000","-3,974,000,000","5,975,000,000","3,959,000,000","1,611,000,000","-4,402,000,000","5,315,000,000","2,114,000,000","1,390,000,000","-376,000,000","2,836,000,000","1,964,000,000","5,725,000,000","-1,428,000,000","2,543,000,000","1,610,000,000","3,635,000,000","-1,942,000,000","1,632,000,000","995,000,000","676,000,000","-1,195,000,000","1,185,000,000","635,000,000","922,000,000","-806,000,000","550,000,000","588,000,000","1,013,000,000","-1,149,000,000","1,229,000,000","93,000,000","731,000,000","-1,086,000,000","634,000,000","647,000,000","646,000,000","-866,000,000","729,000,000","22,000,000","299,000,000","4,000,000","574,000,000","426,000,000","330,000,000","-371,000,000","358,075,000","305,000,000","56,000,000","-318,000,000","194,458,000","322,150,000","80,700,000","-244,401,000","226,247,000","239,935,000","165,055,000","-62,022,000",,"143,730,000","59,845,000","11,921,000",,,,,,
			ChangeInOtherCurrentAssets,"-2,143,000,000","740,000,000","-1,624,000,000","-513,000,000","-746,000,000","-778,000,000","-2,647,000,000","-845,000,000","-776,000,000","-399,000,000","-1,255,000,000","-199,000,000","7,000,000","-738,000,000","-233,000,000","-244,000,000","-115,000,000","166,000,000","-611,000,000","89,000,000","-265,000,000","33,000,000","-484,000,000","-515,000,000","-241,000,000","-78,000,000","-1,632,000,000","-326,000,000","-128,000,000",,,,,,,,,,,,,,,,,,,,,,,,,,,,,,,,,,,,,,,,,,,,,,,,,,
			ChangeInOtherCurrentLiabilities,,,,,,,,,,,,,,,,,,,,,,,,,,,,,,,,,,,,,,,,,,,,,,,,,,,,,,,,,,,,,,,,,,"226,247,000","220,805,000",,,"235,319,000","154,549,000","-79,397,000","151,163,000","158,818,000","96,661,000","25,330,000","18,853,000","78,923,000","42,772,000"
			ChangeInOtherWorkingCapital,"1,048,000,000","-10,034,000,000","2,579,000,000","4,635,000,000","3,868,000,000","1,709,000,000","-497,000,000","-3,987,000,000","3,726,000,000","-3,001,000,000","3,313,000,000","-1,085,000,000","922,000,000","947,000,000","211,000,000","894,000,000","-208,000,000","-3,152,000,000","126,000,000","-1,052,000,000","987,000,000","-261,000,000","-1,258,000,000","-1,273,000,000","912,000,000","9,238,000,000","947,000,000","-2,205,000,000","621,000,000","1,153,000,000","512,000,000","1,394,000,000","289,000,000","-1,174,000,000","-878,000,000","1,148,000,000","768,000,000","-243,000,000","487,000,000","-134,000,000","224,000,000","637,000,000","169,000,000","196,000,000","-368,000,000","137,000,000","295,000,000","1,040,000,000","183,000,000","542,000,000","380,000,000","-135,000,000","106,000,000","476,000,000","-127,000,000","-528,000,000","392,000,000","161,862,000","184,000,000","-386,000,000","334,000,000","93,433,000","35,420,000","93,638,000","444,969,000","351,952,000","112,721,000","134,215,000","400,763,000","-140,898,000","268,855,000","50,888,000","219,569,000","-40,435,000","112,277,000","31,226,000","6,044,000","79,185,000","-225,365,000"
InvestingCashFlow,"-27,063,000,000","-6,167,000,000","-7,150,000,000","-10,800,000,000","-2,946,000,000","-6,227,000,000","-833,000,000","-4,187,000,000","-9,051,000,000","-11,016,000,000","-10,050,000,000","-9,074,000,000","-5,383,000,000","-7,281,000,000","-15,197,000,000","-8,448,000,000","-1,847,000,000","-4,703,000,000","-8,945,000,000","-10,455,000,000","-5,388,000,000","-6,876,000,000","-10,408,000,000","-3,374,000,000","-7,846,000,000","-6,974,000,000","-14,404,000,000","-7,172,000,000","-2,851,000,000","-4,702,000,000","-13,045,000,000","-7,173,000,000","-6,245,000,000","-5,487,000,000","-5,817,000,000","-5,103,000,000","-7,304,000,000","-3,241,000,000","-9,327,000,000","-1,180,000,000","-7,307,000,000","-1,617,000,000","-5,818,000,000","-3,803,000,000","-2,441,000,000","-5,514,000,000","-3,307,000,000","-12,386,000,000","8,151,000,000","-4,559,000,000","-3,447,000,000","-6,614,000,000","-4,421,000,000","-2,849,000,000","-4,546,000,000","139,000,000","-3,424,000,000","-4,773,242,000","-2,610,000,000","-217,000,000","-419,000,000","-1,816,838,000","-1,136,957,000","-958,633,000","-1,406,994,000","-875,432,000","-1,089,686,000","-939,341,000","-777,130,000","-828,539,000","-2,114,356,000","-2,067,638,000","-1,888,617,000","-2,348,276,000","-189,090,000","-348,499,000","-472,328,000","-296,634,000","-1,309,728,000"
	CashFlowFromContinuingInvestingActivities,"-27,063,000,000","-6,167,000,000","-7,150,000,000","-10,800,000,000","-2,946,000,000","-6,227,000,000","-833,000,000","-4,187,000,000","-9,051,000,000","-11,016,000,000","-10,050,000,000","-9,074,000,000","-5,383,000,000","-7,281,000,000","-15,197,000,000","-8,448,000,000","-1,847,000,000","-4,703,000,000","-8,945,000,000","-10,455,000,000","-5,388,000,000","-6,876,000,000","-10,408,000,000","-3,374,000,000","-7,846,000,000","-6,974,000,000","-14,404,000,000","-7,172,000,000","-2,851,000,000","-4,702,000,000","-13,045,000,000","-7,173,000,000","-6,245,000,000","-5,487,000,000","-5,817,000,000","-5,103,000,000","-7,304,000,000","-3,241,000,000","-9,327,000,000","-1,180,000,000","-7,307,000,000","-1,617,000,000","-5,818,000,000","-3,803,000,000","-2,441,000,000","-5,514,000,000","-3,307,000,000","-12,386,000,000","8,151,000,000","-4,559,000,000","-3,447,000,000","-6,614,000,000","-4,421,000,000","-2,849,000,000","-4,546,000,000","139,000,000","-3,424,000,000","-4,773,242,000","-2,610,000,000","-217,000,000","-419,000,000","-1,816,838,000","-1,136,957,000","-958,633,000","-1,406,994,000","-875,432,000","-1,089,686,000","-939,341,000","-777,130,000","-828,539,000","-2,114,356,000","-2,067,638,000","-1,888,617,000","-2,348,276,000","-189,090,000","-348,499,000","-472,328,000","-296,634,000","-1,309,728,000"
		NetPPEPurchaseAndSale,"-32,251,000,000","-11,019,000,000","-8,055,000,000","-6,888,000,000","-6,289,000,000","-7,595,000,000","-7,276,000,000","-6,828,000,000","-9,786,000,000","-6,383,000,000","-6,819,000,000","-5,496,000,000","-5,942,000,000","-5,479,000,000","-5,406,000,000","-5,391,000,000","-6,005,000,000","-6,052,000,000","-6,732,000,000","-6,126,000,000","-4,638,000,000","-7,052,000,000","-5,282,000,000","-5,507,000,000","-7,269,000,000","-4,289,000,000","-3,511,000,000","-2,818,000,000","-2,467,000,000","-3,064,000,000","-2,357,000,000","-2,123,000,000","-2,428,000,000","-2,100,000,000","-2,373,000,000","-2,515,000,000","-2,927,000,000","-3,551,000,000","-2,417,000,000","-2,646,000,000","-2,345,000,000","-2,255,000,000","-2,289,000,000","-1,611,000,000","-1,203,000,000","-1,020,000,000","-872,000,000","-774,000,000","-607,000,000","-951,000,000","-680,000,000","-917,000,000","-890,000,000","-2,545,000,000","-758,000,000","-476,000,000","-239,000,000","-221,357,000","-187,000,000","-139,000,000","-263,000,000","-367,844,000","-451,503,000","-697,517,000","-841,597,000","-678,209,000","-552,640,000","-575,098,000","-596,893,000","-366,638,000","-492,222,000","-699,000,000","-344,938,000","-245,831,000","-292,532,000","-157,463,000","-142,391,000","-59,080,000","-77,632,000"
			PurchaseOfPPE,"-32,251,000,000","-11,019,000,000","-8,055,000,000","-6,888,000,000","-6,289,000,000","-7,595,000,000","-7,276,000,000","-6,828,000,000","-9,786,000,000","-6,383,000,000","-6,819,000,000","-5,496,000,000","-5,942,000,000","-5,479,000,000","-5,406,000,000","-5,391,000,000","-6,005,000,000","-6,052,000,000","-6,732,000,000","-6,126,000,000","-4,638,000,000","-7,081,000,000","-5,282,000,000","-5,477,000,000","-7,299,000,000","-4,307,000,000","-3,538,000,000","-2,831,000,000","-2,508,000,000","-3,078,000,000","-2,554,000,000","-2,136,000,000","-2,444,000,000","-2,100,000,000","-2,406,000,000","-2,515,000,000","-2,927,000,000","-3,551,000,000","-2,417,000,000","-2,646,000,000","-2,345,000,000","-2,255,000,000","-2,289,000,000","-1,611,000,000","-1,203,000,000","-1,020,000,000","-872,000,000","-774,000,000","-607,000,000","-951,000,000","-680,000,000","-917,000,000","-890,000,000","-2,545,000,000","-758,000,000","-476,000,000","-239,000,000","-221,357,000","-187,000,000","-139,000,000","-263,000,000","-367,844,000","-451,503,000","-697,517,000","-841,597,000","-678,209,000","-552,640,000","-575,098,000","-596,893,000","-366,638,000","-492,222,000","-699,000,000","-344,938,000","-245,831,000","-292,532,000","-157,463,000","-142,391,000","-59,080,000","-77,632,000"
			SaleOfPPE,,,,,,,,,,,,,,,,,,,,,"34,000,000","29,000,000","20,000,000","19,000,000","30,000,000","18,000,000","27,000,000","13,000,000","41,000,000","14,000,000","197,000,000","13,000,000","16,000,000",,,,,,,,,,,,,,,,,,,,,,,,,,,,,,,,,,,,,,,,,,,,,,
		NetIntangiblesPurchaseAndSale,,,,,,,,,,,,,,,,,,"-2,142,000,000","-126,000,000","-148,000,000","-99,000,000","-39,000,000","-18,000,000","-184,000,000","-1,250,000,000","-14,000,000","-130,000,000","-42,000,000","-101,000,000","-662,000,000","-252,000,000","-38,000,000","-34,000,000","8,000,000","-102,000,000","-78,000,000","-64,000,000","-256,000,000","-1,142,000,000","-543,000,000","-2,947,000,000","-120,000,000","-27,000,000","-1,050,000,000","-251,000,000",,"-525,000,000","-10,055,000,000","-92,000,000",,,,,,,,,,,,,,,,,,,,,,,,,,,,,,
			PurchaseOfIntangibles,,,,,,,,,,,,,,,,,,"-2,142,000,000","-126,000,000","-148,000,000","-99,000,000","-39,000,000","-18,000,000","-184,000,000","-1,250,000,000","-14,000,000","-130,000,000","-42,000,000","-101,000,000","-662,000,000","-252,000,000","-38,000,000","-34,000,000","8,000,000","-102,000,000","-78,000,000","-64,000,000","-256,000,000","-1,142,000,000","-543,000,000","-2,947,000,000","-120,000,000","-27,000,000","-1,050,000,000","-251,000,000",,"-525,000,000","-10,055,000,000","-92,000,000",,,,,,,,,,,,,,,,,,,,,,,,,,,,,,
		NetBusinessPurchaseAndSale,"-495,000,000","-29,000,000","-126,000,000","-298,000,000","-42,000,000","-84,000,000","-5,649,000,000","-1,063,000,000","-173,000,000","-385,000,000","-259,000,000","-308,000,000","-1,666,000,000","-370,000,000","-13,000,000","-165,000,000","-190,000,000","-2,142,000,000","-126,000,000","-148,000,000","-99,000,000","-39,000,000","-18,000,000","-184,000,000","-1,250,000,000","-14,000,000","-130,000,000","-42,000,000","-101,000,000","-662,000,000","-252,000,000","-38,000,000","-34,000,000","8,000,000","-102,000,000","-78,000,000","-64,000,000","130,000,000","-1,142,000,000","-543,000,000","-2,947,000,000","-120,000,000","147,000,000","1,301,000,000","-251,000,000","-97,000,000","-525,000,000","-9,854,000,000","-92,000,000","-550,000,000","-487,000,000","-715,000,000","-148,000,000","-208,000,000","-440,000,000","-229,000,000","-190,000,000","-67,951,000","-35,000,000","-3,000,000","-2,000,000","-32,591,000","24,562,000","-187,157,000","-3,125,113,000","-83,559,000","-615,552,000","-173,099,000","-34,441,000","-144,634,000","-69,306,000","-542,000","-187,964,000","-59,562,000","-22,546,000",,,"-11,124,000","-10,295,000"
			PurchaseOfBusiness,"-495,000,000","-29,000,000","-126,000,000","-298,000,000","-42,000,000","-84,000,000","-5,649,000,000","-1,063,000,000","-173,000,000","-385,000,000","-259,000,000","-308,000,000","-1,666,000,000","-370,000,000","-13,000,000","-165,000,000","-190,000,000","-2,142,000,000","-126,000,000","-148,000,000","-99,000,000","-39,000,000","-18,000,000","-184,000,000","-1,250,000,000","-14,000,000","-130,000,000","-42,000,000","-101,000,000","-662,000,000","-252,000,000","-38,000,000","-34,000,000","8,000,000","-102,000,000","-78,000,000","-64,000,000","-256,000,000","-1,142,000,000","-543,000,000","-2,947,000,000","-120,000,000","-27,000,000","-1,050,000,000","-251,000,000","-97,000,000","-525,000,000","-10,055,000,000","-92,000,000","-550,000,000","-487,000,000","-715,000,000","-148,000,000","-208,000,000","-440,000,000","-229,000,000","-190,000,000","-67,951,000","-35,000,000","-3,000,000","-2,000,000","-32,591,000","24,562,000","-187,157,000","-3,125,113,000","-83,559,000","-615,552,000","-173,099,000","-34,441,000",,"-69,306,000","-542,000","-187,964,000",,,,,,
			SaleOfBusiness,,,,,,,,,,,,,,,,,,,,,,,,,,,,,,,,,,,,,,"386,000,000","0",,,"0","174,000,000",,,,"0",,,,,,,,,,,,,,,,,,,,,,,,,,,,,,,,
		NetInvestmentPurchaseAndSale,"6,734,000,000","4,947,000,000","1,659,000,000","-3,382,000,000","3,510,000,000","1,230,000,000","11,301,000,000","3,483,000,000","553,000,000","-4,348,000,000","-3,360,000,000","-3,293,000,000","2,195,000,000","-1,375,000,000","-9,372,000,000","-3,011,000,000","3,936,000,000","3,370,000,000","-2,466,000,000","-4,236,000,000","-685,000,000","215,000,000","-5,128,000,000","2,268,000,000","673,000,000","-2,671,000,000","-10,763,000,000","-4,981,000,000","-1,033,000,000","-976,000,000","-8,371,000,000","-4,906,000,000","-3,526,000,000","-2,557,000,000","-3,914,000,000","-3,546,000,000","-3,193,000,000","806,000,000","-6,084,000,000","1,075,000,000","-2,794,000,000","1,277,000,000","-2,358,000,000","-4,467,000,000","-1,551,000,000","-4,384,000,000","-1,680,000,000","-1,422,000,000","8,605,000,000","-2,010,000,000","-3,398,000,000","-5,039,000,000","-2,902,000,000","404,000,000","-3,339,000,000","-2,026,000,000","-2,995,000,000","-4,483,934,000","-2,388,000,000","-75,000,000","-154,000,000","-1,416,403,000","-710,016,000","-73,959,000","2,559,716,000","-113,664,000","78,506,000","-191,144,000","-145,796,000","-317,267,000","-1,552,828,000","-1,368,096,000","-1,355,715,000","-2,052,883,000","115,988,000","-166,834,000","-324,937,000","-189,524,000","-1,224,801,000"
			PurchaseOfInvestment,"-80,885,000,000","-29,287,000,000","-14,496,000,000","-22,249,000,000","-14,853,000,000","-12,524,000,000","-17,418,000,000","-22,225,000,000","-29,238,000,000","-40,860,000,000","-35,153,000,000","-24,949,000,000","-37,072,000,000","-36,955,000,000","-41,374,000,000","-27,287,000,000","-38,135,000,000","-19,780,000,000","-36,648,000,000","-24,029,000,000","-21,790,000,000","-13,773,000,000","-14,685,000,000","-14,597,000,000","-9,176,000,000","-14,360,000,000","-39,210,000,000","-19,897,000,000","-20,473,000,000","-13,986,000,000","-25,502,000,000","-25,208,000,000","-21,111,000,000","-18,552,000,000","-23,413,000,000","-20,943,000,000","-13,632,000,000","-13,859,000,000","-19,129,000,000","-13,074,000,000","-12,250,000,000","-13,796,000,000","-9,193,000,000","-15,154,000,000","-7,870,000,000","-9,614,000,000","-8,748,000,000","-6,953,000,000","-8,791,000,000","-17,654,000,000","-22,878,000,000","-13,846,000,000","-7,722,000,000","-6,326,000,000","-13,078,000,000","-13,161,000,000","-12,490,000,000","-9,571,218,000","-8,969,000,000","-5,400,000,000","-5,264,000,000","-7,544,296,000","-2,928,360,000","-2,111,290,000","-2,819,512,000","-4,254,136,000","-4,423,277,000","-2,128,998,000","-5,225,160,000","-3,535,469,000","-5,585,280,000","-5,468,818,000","-13,111,471,000","-7,682,885,000","-3,149,329,000","-693,506,000","-1,160,160,000","-1,252,268,000","-2,411,227,000"
			SaleOfInvestment,"87,619,000,000","34,234,000,000","16,155,000,000","18,867,000,000","18,363,000,000","13,754,000,000","28,719,000,000","25,708,000,000","29,791,000,000","36,512,000,000","31,793,000,000","21,656,000,000","39,267,000,000","35,580,000,000","32,002,000,000","24,276,000,000","42,071,000,000","23,150,000,000","34,182,000,000","19,793,000,000","21,105,000,000","13,988,000,000","9,557,000,000","16,865,000,000","9,849,000,000","11,689,000,000","28,447,000,000","14,916,000,000","19,440,000,000","13,010,000,000","17,131,000,000","20,302,000,000","17,585,000,000","15,995,000,000","19,499,000,000","17,397,000,000","10,439,000,000","14,665,000,000","13,045,000,000","14,149,000,000","9,456,000,000","15,073,000,000","6,835,000,000","10,687,000,000","6,319,000,000","5,230,000,000","7,068,000,000","5,531,000,000","17,396,000,000","15,644,000,000","19,480,000,000","8,807,000,000","4,820,000,000","6,730,000,000","9,739,000,000","11,135,000,000","9,495,000,000","5,087,284,000","6,581,000,000","5,325,000,000","5,110,000,000","6,127,893,000","2,218,344,000","2,037,331,000","5,379,228,000","4,140,472,000","4,501,783,000","1,937,854,000","5,079,364,000","3,218,202,000","4,032,452,000","4,100,722,000","11,755,756,000","5,630,002,000","3,265,317,000","526,672,000","835,223,000","1,062,744,000","1,186,426,000"
		NetOtherInvestingChanges,"-1,051,000,000","-66,000,000","-628,000,000","-232,000,000","-125,000,000","222,000,000","791,000,000","221,000,000","355,000,000","100,000,000","388,000,000","23,000,000","30,000,000","-57,000,000","-406,000,000","119,000,000","412,000,000","121,000,000","379,000,000","55,000,000","34,000,000",,"20,000,000",,,"0","0","669,000,000","750,000,000","0","-2,065,000,000","-106,000,000","-257,000,000","-838,000,000","572,000,000","1,036,000,000","-1,120,000,000","-626,000,000","316,000,000","934,000,000","779,000,000","-519,000,000","-1,318,000,000","974,000,000","564,000,000","-13,000,000","-230,000,000","-336,000,000","245,000,000","-1,048,000,000","1,118,000,000","57,000,000","-481,000,000","-500,000,000","-9,000,000",,,,,,,,,,,,,,,,,,,,"0","-5,000,000","-5,000,000",,
FinancingCashFlow,"-72,093,000,000","-19,308,000,000","-18,382,000,000","-17,835,000,000","-16,568,000,000","-17,629,000,000","-18,097,000,000","-17,817,000,000","-16,214,000,000","-16,511,000,000","-15,254,000,000","-15,991,000,000","-13,606,000,000","-9,270,000,000","546,000,000","-7,498,000,000","-8,186,000,000","-7,326,000,000","-6,954,000,000","-4,746,000,000","-4,183,000,000","-2,746,000,000","-3,478,000,000","-4,937,000,000","-2,018,000,000","-3,178,000,000","-706,000,000","-2,740,000,000","-1,674,000,000","-892,000,000","-1,089,000,000","-3,440,000,000","-2,911,000,000","-2,365,000,000","-609,000,000","-561,000,000","-496,000,000","-344,000,000","-455,000,000","-1,462,000,000","822,000,000","32,000,000","-267,000,000","-105,000,000","-517,000,000","-692,000,000","52,000,000","639,000,000","1,230,000,000","40,000,000","-80,000,000","958,000,000","-111,000,000","1,752,000,000","2,067,000,000","-646,000,000","-123,000,000","158,561,000","29,000,000","51,000,000","-5,000,000","11,049,000","4,285,000","43,577,000","28,656,000","145,417,000","49,011,000","120,129,000","88,510,000","418,028,000","129,418,000","2,299,056,000","119,896,000","51,076,000","4,308,293,000","7,956,000","3,505,000","290,000","1,162,001,000"
	CashFlowFromContinuingFinancingActivities,"-72,093,000,000","-19,308,000,000","-18,382,000,000","-17,835,000,000","-16,568,000,000","-17,629,000,000","-18,097,000,000","-17,817,000,000","-16,214,000,000","-16,511,000,000","-15,254,000,000","-15,991,000,000","-13,606,000,000","-9,270,000,000","546,000,000","-7,498,000,000","-8,186,000,000","-7,326,000,000","-6,954,000,000","-4,746,000,000","-4,183,000,000","-2,746,000,000","-3,478,000,000","-4,937,000,000","-2,018,000,000","-3,178,000,000","-706,000,000","-2,740,000,000","-1,674,000,000","-892,000,000","-1,089,000,000","-3,440,000,000","-2,911,000,000","-2,365,000,000","-609,000,000","-561,000,000","-496,000,000","-344,000,000","-455,000,000","-1,462,000,000","822,000,000","32,000,000","-267,000,000","-105,000,000","-517,000,000","-692,000,000","52,000,000","639,000,000","1,230,000,000","40,000,000","-80,000,000","958,000,000","-111,000,000","1,752,000,000","2,067,000,000","-646,000,000","-123,000,000","158,561,000","29,000,000","51,000,000","-5,000,000","11,049,000","4,285,000","43,577,000","28,656,000","145,417,000","49,011,000","120,129,000","88,510,000","418,028,000","129,418,000","2,299,056,000","119,896,000","51,076,000","4,308,293,000","7,956,000","3,505,000","290,000","1,162,001,000"
		NetIssuancePaymentsOfDebt,"-760,000,000","-437,000,000","-166,000,000","-132,000,000","-25,000,000","-168,000,000","-674,000,000","-356,000,000","2,000,000","-115,000,000","-42,000,000","-1,042,000,000","-37,000,000","-57,000,000","9,802,000,000","-35,000,000","-49,000,000","-47,000,000","-145,000,000","-46,000,000","-30,000,000","-5,000,000","-25,000,000","-1,344,000,000","1,313,000,000","-22,000,000","-8,000,000","-38,000,000","-18,000,000","-13,000,000","-274,000,000","-1,042,000,000","-6,000,000","-14,000,000","-3,000,000","-3,000,000","-3,000,000","-4,000,000","-3,000,000","-1,004,000,000","993,000,000","-3,000,000","-2,000,000","-151,000,000","-401,000,000","-669,000,000","-1,000,000","749,000,000","1,249,000,000","0","0","977,000,000","-251,000,000","1,342,000,000","2,121,000,000","0","0",,,,,,,,,,,,,,,,,"-12,000","198,000","-1,019,000","-592,000","-1,186,000","-1,118,000"
			NetLongTermDebtIssuance,"-760,000,000","-437,000,000","-166,000,000","-132,000,000","-25,000,000","-168,000,000","-674,000,000","-356,000,000","2,000,000","-115,000,000","-42,000,000","-1,042,000,000","-37,000,000","-57,000,000","9,802,000,000","-35,000,000","-49,000,000","-47,000,000","-145,000,000","-46,000,000","-30,000,000","-5,000,000","-25,000,000","-1,344,000,000","1,313,000,000","-22,000,000","-8,000,000","-38,000,000","-18,000,000","-13,000,000","-274,000,000","-1,042,000,000","-6,000,000","-14,000,000","-3,000,000","-3,000,000","-3,000,000","-4,000,000","-3,000,000","-1,004,000,000","993,000,000","-3,000,000","-2,000,000","-151,000,000","-401,000,000","-669,000,000","-1,000,000","749,000,000","1,249,000,000","0","0","977,000,000","-251,000,000",,"2,121,000,000",,,,,,,,,,,,,,,,,,,,,,,,
				LongTermDebtIssuance,"10,790,000,000","1,492,000,000","1,248,000,000","1,123,000,000","6,927,000,000","8,550,000,000","15,094,000,000","12,806,000,000","16,422,000,000","6,250,000,000","6,350,000,000","6,699,000,000","900,000,000","0","9,863,000,000","0","1,898,000,000","0","0","2,000,000","315,000,000","0","530,000,000","1,545,000,000","4,691,000,000","1,593,000,000","2,698,000,000","0","0","0","2,976,000,000","1,797,000,000","3,956,000,000","3,373,000,000","3,634,000,000","3,393,000,000","3,305,000,000","2,458,000,000","2,874,000,000","2,877,000,000","3,416,000,000","2,418,000,000","2,699,000,000","2,729,000,000","2,922,000,000","3,984,000,000","4,374,000,000","4,602,000,000","3,149,000,000","2,125,000,000","750,000,000","5,846,000,000","2,184,000,000",,"2,544,000,000",,,,,,,,,,,,,,,,,,,,,,,,
				LongTermDebtPayments,"-11,550,000,000","-1,929,000,000","-1,414,000,000","-1,255,000,000","-6,952,000,000","-8,718,000,000","-15,768,000,000","-13,162,000,000","-16,420,000,000","-6,365,000,000","-6,392,000,000","-7,741,000,000","-937,000,000","-57,000,000","-61,000,000","-35,000,000","-1,947,000,000","-47,000,000","-145,000,000","-48,000,000","-345,000,000","-5,000,000","-555,000,000","-2,889,000,000","-3,378,000,000","-1,615,000,000","-2,706,000,000","-38,000,000","-18,000,000","-13,000,000","-3,250,000,000","-2,839,000,000","-3,962,000,000","-3,387,000,000","-3,637,000,000","-3,396,000,000","-3,308,000,000","-2,462,000,000","-2,877,000,000","-3,881,000,000","-2,423,000,000","-2,421,000,000","-2,701,000,000","-2,880,000,000","-3,323,000,000","-4,653,000,000","-4,375,000,000","-3,853,000,000","-1,900,000,000","-2,125,000,000","-750,000,000","-4,869,000,000","-2,435,000,000",,"-423,000,000",,,,,,,,,,,,,,,,,,,,,,,,
			NetShortTermDebtIssuance,,,,,,,,,,,,,,,,,,,,,,,,,,,,,,,,,,,,,,,,,,,,,,,,,,"10,179,000,000","0","977,000,000","-251,000,000","1,342,000,000","2,121,000,000","0","0",,,,,,,,,,,,,,,,,,,,,,
				ShortTermDebtIssuance,,,,,,,,,,,,,,,,,,,,,,,,,,,,,,,,,,,,,,,,,,,,,,,,,,"2,125,000,000","750,000,000","5,846,000,000","2,184,000,000","3,125,000,000","2,544,000,000","0","0",,,,,,,,,,,,,,,,,,,,,,
				ShortTermDebtPayments,,,,,,,,,,,,,,,,,,,,,,,,,,,,,,,,,,,,,,,,,,,,,,,,,,,"-750,000,000","-4,869,000,000","-2,435,000,000",,"-423,000,000","0","0",,,,,,,,,,,,,,,,,,,,,,
		NetCommonStockIssuance,"-61,504,000,000","-16,191,000,000","-15,787,000,000","-14,969,000,000","-14,557,000,000","-15,407,000,000","-15,392,000,000","-15,197,000,000","-13,300,000,000","-13,473,000,000","-12,610,000,000","-12,796,000,000","-11,395,000,000","-7,904,000,000","-7,897,000,000","-6,852,000,000","-8,496,000,000","-6,098,000,000","-5,696,000,000","-3,577,000,000","-3,025,000,000","-1,700,000,000","-2,200,000,000","-2,052,000,000","-2,173,000,000","-2,101,000,000","320,000,000","-1,618,000,000","-647,000,000","0","0","-1,595,000,000","-2,098,000,000",,"0","0","0",,,,,,,,,,,,,"0","0","0","0","0","0","-704,000,000","-97,000,000",,"0","0","0","38,252,000","-15,506,000","-301,000","-22,445,000","0","-9,751,000","14,398,000","14,426,000","320,915,000","-26,000","2,118,254,000","42,611,000","51,088,000","4,274,549,000","8,975,000","4,097,000","-32,469,000","1,163,119,000"
			CommonStockIssuance,,,,,,,,,,,,,,,,,,,,"137,000,000","47,000,000","950,000,000","0","0","0","0","320,000,000","0","480,000,000",,"0","0","0",,,,,,,,,,,,,,,,,,,,,,,,,,,,,,,,,"0","0",,,"320,915,000","-26,000","2,118,254,000","42,611,000","51,088,000","4,274,549,000","8,975,000","4,097,000","-32,469,000","1,163,119,000"
			CommonStockPayments,"-61,504,000,000","-16,191,000,000","-15,787,000,000","-14,969,000,000","-14,557,000,000","-15,407,000,000","-15,392,000,000","-15,197,000,000","-13,300,000,000","-13,473,000,000","-12,610,000,000","-12,796,000,000","-11,395,000,000","-7,904,000,000","-7,897,000,000","-6,852,000,000","-8,496,000,000","-6,098,000,000","-5,696,000,000","-3,577,000,000","-3,025,000,000","-2,650,000,000","-2,200,000,000","-2,052,000,000","-2,173,000,000","-2,101,000,000","0","-1,618,000,000","-1,127,000,000","0","0","-1,595,000,000","-2,098,000,000",,"0","0","0",,,,,,,,,,,,,"0","0","0","0","0","0","-704,000,000","-97,000,000",,"0","0","0",,,,,,,,,,,,,,,,,,
		ProceedsFromStockOptionExercised,"-9,837,000,000","-2,680,000,000","-2,432,000,000","-2,736,000,000","-1,989,000,000","-2,079,000,000","-2,041,000,000","-2,264,000,000","-2,916,000,000","-2,923,000,000","-2,602,000,000","-2,453,000,000","-2,184,000,000","-1,647,000,000","-1,357,000,000","-1,475,000,000","-1,241,000,000","-1,199,000,000","-1,131,000,000","-1,260,000,000","-1,175,000,000","-1,041,000,000","-1,253,000,000","-1,541,000,000","-1,158,000,000","-1,055,000,000","-1,018,000,000","-1,084,000,000","-1,009,000,000","-879,000,000","-815,000,000","-803,000,000","-807,000,000","-765,000,000","-606,000,000","-511,000,000","-493,000,000","-521,000,000","-627,000,000","-595,000,000","-326,000,000","-144,000,000","-369,000,000","-58,000,000","-210,000,000","-98,000,000","-5,000,000","-137,000,000","-47,000,000","15,000,000","-108,000,000","-28,000,000","116,000,000","359,000,000","-66,000,000","39,000,000","-38,000,000","132,683,000","1,000,000","47,000,000","-37,000,000","-33,269,000","-15,506,000","-301,000","-22,445,000","4,788,000","-9,751,000","14,398,000","14,426,000",,"58,463,000","54,477,000","42,611,000",,,,,,
		NetOtherFinancingCharges,"8,000,000","0","3,000,000","2,000,000","3,000,000","25,000,000",,,,"0","0","300,000,000","10,000,000","338,000,000","-2,000,000","864,000,000","1,600,000,000","18,000,000","18,000,000","137,000,000","47,000,000",,,,,,,,,,,,,"194,000,000","0","64,000,000","105,000,000","181,000,000","175,000,000","137,000,000","155,000,000","179,000,000","104,000,000","104,000,000","94,000,000","75,000,000","58,000,000","27,000,000","28,000,000","25,000,000","28,000,000","9,000,000","24,000,000","51,000,000","12,000,000","19,000,000","12,000,000","25,878,000","28,000,000","4,000,000","32,000,000","44,318,000","19,791,000","43,878,000","51,101,000","140,629,000","58,762,000","105,731,000","74,084,000","252,664,000","70,981,000","180,802,000","77,285,000",,,,,"0","0"
EndCashPosition,"24,048,000,000","24,048,000,000","30,702,000,000","25,929,000,000","25,924,000,000","21,879,000,000","21,984,000,000","17,936,000,000","20,886,000,000","20,945,000,000","23,719,000,000","23,630,000,000","26,622,000,000","26,465,000,000","20,129,000,000","17,742,000,000","19,644,000,000","18,498,000,000","16,032,000,000","16,587,000,000","19,148,000,000","16,701,000,000","13,443,000,000","14,148,000,000","12,658,000,000","10,715,000,000","10,581,000,000","15,711,000,000","18,132,000,000","12,918,000,000","9,406,000,000","13,627,000,000","15,111,000,000","16,549,000,000","18,068,000,000","18,453,000,000","16,976,000,000","18,347,000,000","15,605,000,000","19,620,000,000","16,639,000,000","18,898,000,000","15,242,000,000","16,164,000,000","15,375,000,000","14,778,000,000","16,260,000,000","15,437,000,000","23,108,000,000","9,983,000,000","10,630,000,000","10,320,000,000","12,415,000,000","13,630,000,000","11,257,000,000","10,713,000,000","9,192,000,000","10,197,588,000","12,087,000,000","11,911,000,000","10,426,000,000","8,656,672,000","8,370,469,000","7,363,536,000","6,519,749,000","6,081,593,000","5,106,404,000","4,493,652,000","4,081,340,000","3,544,671,000","3,038,341,000","4,015,922,000","2,935,179,000","3,877,174,000","5,518,569,000","753,472,000","482,572,000","426,873,000","344,469,000"
	ChangesInCash,"2,590,000,000","-6,560,000,000","5,124,000,000","31,000,000","3,995,000,000","-242,000,000","4,423,000,000","-2,582,000,000","-159,000,000","-2,593,000,000","235,000,000","-3,175,000,000","300,000,000","6,126,000,000","2,352,000,000","-1,953,000,000","1,418,000,000","2,398,000,000","-433,000,000","-2,574,000,000","2,429,000,000","3,365,000,000","-676,000,000","1,821,000,000","1,778,000,000","116,000,000","-5,238,000,000","-2,509,000,000","5,023,000,000","3,819,000,000","-4,289,000,000","-1,493,000,000","-1,498,000,000","-1,437,000,000","-281,000,000","1,432,000,000","-1,078,000,000","2,779,000,000","-3,788,000,000","2,985,000,000","-2,094,000,000","3,653,000,000","-1,002,000,000","797,000,000","675,000,000","-1,537,000,000","749,000,000","-7,495,000,000","13,075,000,000","-595,000,000","423,000,000","-2,137,000,000","-1,360,000,000","2,429,000,000","407,000,000","1,578,000,000","-963,000,000","-1,883,150,000","145,000,000","1,443,000,000","1,826,000,000","316,510,000","1,052,286,000","851,098,000","401,108,000","963,233,000","591,968,000","410,714,000","530,973,000","500,283,000","-980,614,000","1,072,004,000","-943,917,000","-1,638,766,000","4,765,950,000","284,076,000","60,799,000","71,753,000","90,616,000"
	EffectOfExchangeRateChanges,"-421,000,000","-94,000,000","-351,000,000","-26,000,000","50,000,000","137,000,000","-375,000,000","-368,000,000","100,000,000","-181,000,000","-146,000,000","183,000,000","-143,000,000","210,000,000","35,000,000","51,000,000","-272,000,000","68,000,000","-122,000,000","13,000,000","18,000,000","-107,000,000","-29,000,000","-331,000,000","165,000,000","18,000,000","108,000,000","88,000,000","191,000,000","-307,000,000","68,000,000","9,000,000","60,000,000","-82,000,000","-104,000,000","45,000,000","-293,000,000","-197,000,000","-227,000,000","-4,000,000","-5,000,000","3,000,000","80,000,000","-8,000,000","-78,000,000","55,000,000","74,000,000","-176,000,000","50,000,000","-52,000,000","-113,000,000","42,000,000","145,000,000","-56,000,000","137,000,000","-57,000,000","-43,000,000","-6,377,000","31,000,000","42,000,000","-57,000,000","-30,307,000","-45,353,000","-7,311,000","37,048,000","11,956,000","20,784,000","1,598,000","5,696,000","6,047,000","3,033,000","8,739,000","1,922,000","-2,629,000","-853,000","-13,176,000","-5,100,000","10,651,000","-845,000"
	BeginningCashPosition,"21,879,000,000","30,702,000,000","25,929,000,000","25,924,000,000","21,879,000,000","21,984,000,000","17,936,000,000","20,886,000,000","20,945,000,000","23,719,000,000","23,630,000,000","26,622,000,000","26,465,000,000","20,129,000,000","17,742,000,000","19,644,000,000","18,498,000,000","16,032,000,000","16,587,000,000","19,148,000,000","16,701,000,000","13,443,000,000","14,148,000,000","12,658,000,000","10,715,000,000","10,581,000,000","15,711,000,000","18,132,000,000","12,918,000,000","9,406,000,000","13,627,000,000","15,111,000,000","16,549,000,000","18,068,000,000","18,453,000,000","16,976,000,000","18,347,000,000","15,605,000,000","19,620,000,000","16,639,000,000","18,898,000,000","15,242,000,000","16,164,000,000","15,375,000,000","14,778,000,000","16,260,000,000","15,437,000,000","23,108,000,000","9,983,000,000","10,630,000,000","10,320,000,000","12,415,000,000","13,630,000,000","11,257,000,000","10,713,000,000","9,192,000,000","10,198,000,000","12,087,115,000","11,911,000,000","10,426,000,000","8,657,000,000","8,370,469,000","7,363,536,000","6,519,749,000","6,081,593,000","5,106,404,000","4,493,652,000","4,081,340,000","3,544,671,000","3,038,341,000","4,015,922,000","2,935,179,000","3,877,174,000","5,518,569,000","753,472,000","482,572,000","426,873,000","344,469,000","254,698,000"
	OtherCashAdjustmentOutsideChangeinCash,,,,,,,,,,,,,,,,,,,,,,,,,,,,,,,,,,,"0","0","0",,"0","0","-160,000,000",,"0","0","0",,,,,,,,,,,,,,,,,,,,,,,,,,,,,,,,,,
IncomeTaxPaidSupplementalData,"19,164,000,000",,,,,,,,,,,,,,,,,,,,,,,,,,,,,"709,000,000","958,000,000","-190,000,000","166,000,000","1,021,000,000","2,309,000,000","136,000,000","98,000,000","437,000,000","716,000,000","1,313,000,000","353,000,000","628,000,000","508,000,000","411,000,000","385,000,000","350,000,000","681,000,000","796,000,000","207,000,000","557,000,000","50,000,000","654,000,000","210,000,000","221,000,000","645,000,000","1,130,000,000","179,000,000","442,660,000","440,000,000","851,000,000","162,000,000","480,545,000","364,890,000","366,459,000","12,091,000","244,638,000","304,176,000","321,100,000","12,774,000",,"142,323,000","207,254,000","1,126,000",,,,,,
InterestPaidSupplementalData,,,,,,,,,,,,,,,,,,,,,,,,,,,,,,"18,000,000","18,000,000","30,000,000","18,000,000","30,000,000","18,000,000","30,000,000","18,000,000","30,000,000","18,000,000","38,000,000","0","36,000,000","1,000,000",,,"36,000,000","1,000,000",,,,"0",,,,,,,,,,"162,000","273,000","344,000","560,000","387,000","304,000","446,000","244,000","342,000",,"21,000","177,000","8,000",,,,,,
CapitalExpenditure,"-32,251,000,000","-11,019,000,000","-8,055,000,000","-6,888,000,000","-6,289,000,000","-7,595,000,000","-7,276,000,000","-6,828,000,000","-9,786,000,000","-6,383,000,000","-6,819,000,000","-5,496,000,000","-5,942,000,000","-5,479,000,000","-5,406,000,000","-5,391,000,000","-6,005,000,000","-6,052,000,000","-6,732,000,000","-6,126,000,000","-4,638,000,000","-7,081,000,000","-5,282,000,000","-5,477,000,000","-7,299,000,000","-4,307,000,000","-3,538,000,000","-2,831,000,000","-2,508,000,000","-3,078,000,000","-2,554,000,000","-2,136,000,000","-2,444,000,000","-2,100,000,000","-2,406,000,000","-2,515,000,000","-2,927,000,000","-3,551,000,000","-2,417,000,000","-2,646,000,000","-2,345,000,000","-2,255,000,000","-2,289,000,000","-1,611,000,000","-1,203,000,000","-1,020,000,000","-872,000,000","-774,000,000","-607,000,000","-951,000,000","-680,000,000","-917,000,000","-890,000,000","-2,545,000,000","-758,000,000","-476,000,000","-239,000,000","-221,357,000","-187,000,000","-139,000,000","-263,000,000","-367,844,000","-451,503,000","-697,517,000","-841,597,000","-678,209,000","-552,640,000","-575,098,000","-596,893,000","-366,638,000","-492,222,000","-699,000,000","-344,938,000","-245,831,000","-292,532,000","-157,463,000","-142,391,000","-95,986,000","-77,632,000"
IssuanceOfCapitalStock,,,,,,,,,,,,,,,,,,,,"137,000,000","47,000,000","950,000,000","0","0","0","0","320,000,000","0","480,000,000",,"0","0","0",,,,,,,,,,,,,,,,,,,,,,,,,,,,,,,,,"0","0",,,"320,915,000","-26,000","2,118,254,000","42,611,000","51,088,000","4,274,549,000","8,975,000","4,097,000","-32,469,000","1,163,119,000"
IssuanceOfDebt,"10,790,000,000","1,492,000,000","1,248,000,000","1,123,000,000","6,927,000,000","8,550,000,000","15,094,000,000","12,806,000,000","16,422,000,000","6,250,000,000","6,350,000,000","6,699,000,000","900,000,000","0","9,863,000,000","0","1,898,000,000","0","0","2,000,000","315,000,000","0","530,000,000","1,545,000,000","4,691,000,000","1,593,000,000","2,698,000,000","0","0","0","2,976,000,000","1,797,000,000","3,956,000,000","3,373,000,000","3,634,000,000","3,393,000,000","3,305,000,000","2,458,000,000","2,874,000,000","2,877,000,000","3,416,000,000","2,418,000,000","2,699,000,000","2,729,000,000","2,922,000,000","3,984,000,000","4,374,000,000","4,602,000,000","3,149,000,000","2,125,000,000","750,000,000","5,846,000,000","2,184,000,000","3,125,000,000","2,544,000,000","0","0",,,,,,,,,,,,,,,,,,,,,,
RepaymentOfDebt,"-11,550,000,000","-1,929,000,000","-1,414,000,000","-1,255,000,000","-6,952,000,000","-8,718,000,000","-15,768,000,000","-13,162,000,000","-16,420,000,000","-6,365,000,000","-6,392,000,000","-7,741,000,000","-937,000,000","-57,000,000","-61,000,000","-35,000,000","-1,947,000,000","-47,000,000","-145,000,000","-48,000,000","-345,000,000","-5,000,000","-555,000,000","-2,889,000,000","-3,378,000,000","-1,615,000,000","-2,706,000,000","-38,000,000","-18,000,000","-13,000,000","-3,250,000,000","-2,839,000,000","-3,962,000,000","-3,387,000,000","-3,637,000,000","-3,396,000,000","-3,308,000,000","-2,462,000,000","-2,877,000,000","-3,881,000,000","-2,423,000,000","-2,421,000,000","-2,701,000,000","-2,880,000,000","-3,323,000,000","-4,653,000,000","-4,375,000,000","-3,853,000,000","-1,900,000,000","-2,125,000,000","-750,000,000","-4,869,000,000","-2,435,000,000",,"-423,000,000","0","0",,,,,,,,,,,,,,,,,,,,,,
RepurchaseOfCapitalStock,"-61,504,000,000","-16,191,000,000","-15,787,000,000","-14,969,000,000","-14,557,000,000","-15,407,000,000","-15,392,000,000","-15,197,000,000","-13,300,000,000","-13,473,000,000","-12,610,000,000","-12,796,000,000","-11,395,000,000","-7,904,000,000","-7,897,000,000","-6,852,000,000","-8,496,000,000","-6,098,000,000","-5,696,000,000","-3,577,000,000","-3,025,000,000","-2,650,000,000","-2,200,000,000","-2,052,000,000","-2,173,000,000","-2,101,000,000","0","-1,618,000,000","-1,127,000,000","0","0","-1,595,000,000","-2,098,000,000",,"0","0","0",,,,,,,,,,,,,"0","0","0","0","0","0","-704,000,000","-97,000,000",,"0","0","0",,,,,,,,,,,,,,,,,,
FreeCashFlow,"69,495,000,000","7,896,000,000","22,601,000,000","21,778,000,000","17,220,000,000","16,019,000,000","16,077,000,000","12,594,000,000","15,320,000,000","18,551,000,000","18,720,000,000","16,394,000,000","13,347,000,000","17,198,000,000","11,597,000,000","8,602,000,000","5,446,000,000","8,375,000,000","8,734,000,000","6,501,000,000","7,362,000,000","5,906,000,000","7,928,000,000","4,655,000,000","4,343,000,000","5,961,000,000","6,334,000,000","4,572,000,000","7,040,000,000","6,335,000,000","7,291,000,000","6,984,000,000","5,214,000,000","4,315,000,000","3,739,000,000","4,581,000,000","3,795,000,000","2,813,000,000","3,577,000,000","2,981,000,000","2,046,000,000","2,983,000,000","2,794,000,000","3,094,000,000","2,430,000,000","3,649,000,000","3,132,000,000","3,478,000,000","3,087,000,000","2,973,000,000","3,270,000,000","2,602,000,000","2,282,000,000","981,000,000","2,128,000,000","1,609,000,000","2,345,000,000","2,510,174,000","2,539,000,000","1,470,000,000","1,987,000,000","1,754,455,000","1,733,455,000","1,068,637,000","937,849,000","1,015,039,000","1,080,003,000","654,828,000","622,700,000","544,156,000","512,102,000","141,586,000","479,866,000","412,603,000","354,215,000","467,156,000","387,231,000","272,111,000","160,711,000"