name,12/31/2023,9/30/2023,6/30/2023,3/31/2023,12/31/2022,9/30/2022,6/30/2022,3/31/2022,12/31/2021,9/30/2021,6/30/2021,3/31/2021,12/31/2020,9/30/2020,6/30/2020,3/31/2020,12/31/2019,9/30/2019,6/30/2019,3/31/2019,12/31/2018,9/30/2018,6/30/2018,3/31/2018,12/31/2017,9/30/2017,6/30/2017,3/31/2017,12/31/2016,9/30/2016,6/30/2016,3/31/2016,12/31/2015,9/30/2015,6/30/2015,3/31/2015,12/31/2014,9/30/2014,6/30/2014,3/31/2014,12/31/2013,9/30/2013,6/30/2013,3/31/2013,12/31/2012,9/30/2012,6/30/2012,3/31/2012,12/31/2011,9/30/2011,6/30/2011,3/31/2011,12/31/2010,9/30/2010,6/30/2010,3/31/2010,12/31/2009,9/30/2009,6/30/2009,3/31/2009,12/31/2008,9/30/2008,6/30/2008,3/31/2008,12/31/2007,9/30/2007,6/30/2007,3/31/2007,12/31/2006,9/30/2006,6/30/2006,3/31/2006,12/31/2005,9/30/2005,6/30/2005,3/31/2005,12/31/2004,9/30/2004,6/30/2004,3/31/2004,12/31/2003,9/30/2003,6/30/2003,3/31/2003,12/31/2002,9/30/2002,6/30/2002,3/31/2002,12/31/2001,9/30/2001,6/30/2001,3/31/2001,12/31/2000,9/30/2000,6/30/2000,3/31/2000,12/31/1999,9/30/1999,6/30/1999,3/31/1999,12/31/1998,9/30/1998,6/30/1998,3/31/1998,12/31/1997,9/30/1997,6/30/1997,3/31/1997,12/31/1996
TotalAssets,"527,854,000,000","486,883,000,000","477,607,000,000","464,378,000,000","462,675,000,000","428,362,000,000","419,728,000,000","410,767,000,000","420,549,000,000","382,406,000,000","360,319,000,000","323,077,000,000","321,195,000,000","282,179,000,000","258,314,000,000","221,238,000,000","225,248,000,000","199,099,000,000","191,351,000,000","178,102,000,000","162,648,000,000","143,695,000,000","134,100,000,000","126,362,000,000","131,310,000,000","115,267,000,000","87,781,000,000","80,969,000,000","83,402,000,000","70,897,000,000","65,076,000,000","61,128,000,000","64,747,000,000","56,230,000,000","52,440,000,000","50,075,000,000","54,505,000,000","40,419,000,000","37,898,000,000","36,364,000,000","40,159,000,000","31,861,000,000","29,623,000,000","28,377,000,000","32,555,000,000","22,834,000,000","21,022,000,000","20,339,000,000","25,278,000,000","19,054,000,000","17,941,000,000","16,882,000,000","18,797,000,000","14,162,000,000","12,397,000,000","12,042,000,000","13,813,000,000","8,972,000,000","7,675,000,000","6,980,000,000","8,314,000,000","6,566,000,000","6,322,000,000","5,883,000,000","6,485,000,000","4,618,000,000","3,984,000,000","3,661,000,000","4,363,000,000","3,268,000,000","3,165,000,000","2,990,000,000","3,696,000,000","2,832,000,000","2,601,000,000","2,472,000,000","3,248,000,000","2,108,668,000","1,888,110,000","1,738,561,000","2,162,033,000","1,749,685,000","1,596,854,000","1,705,933,000","1,990,449,000","1,497,405,000","1,435,047,000","1,361,928,000","1,637,547,000","1,346,368,000","1,345,036,000","1,470,155,000","2,135,169,000","2,254,627,000","2,460,730,000","2,729,743,000","2,465,850,000","2,239,799,000","2,298,214,000","1,812,984,000","648,460,000","619,714,000","443,759,000","145,007,000","149,844,000","57,400,000","63,100,000","11,700,000","8,300,000"
"	CurrentAssets","172,351,000,000","142,995,000,000","140,482,000,000","136,221,000,000","146,791,000,000","131,463,000,000","133,667,000,000","133,876,000,000","161,580,000,000","138,531,000,000","140,848,000,000","121,408,000,000","132,733,000,000","112,969,000,000","110,908,000,000","85,985,000,000","96,334,000,000","79,054,000,000","76,790,000,000","69,431,000,000","75,101,000,000","59,885,000,000","54,481,000,000","50,829,000,000","60,197,000,000","48,578,000,000","41,007,000,000","39,460,000,000","45,781,000,000","35,609,000,000","32,220,000,000","30,513,000,000","35,705,000,000","28,849,000,000","26,391,000,000","25,922,000,000","31,327,000,000","18,572,000,000","18,755,000,000","19,327,000,000","24,625,000,000","17,334,000,000","16,285,000,000","16,313,000,000","21,296,000,000","13,118,000,000","11,793,000,000","12,154,000,000","17,490,000,000","11,904,000,000","11,279,000,000","11,288,000,000","13,747,000,000","9,559,000,000","8,118,000,000","7,964,000,000","9,797,000,000","6,369,000,000","5,304,000,000","4,775,000,000","6,157,000,000","4,430,000,000","4,236,000,000","3,965,000,000","5,164,000,000","3,424,000,000","2,859,000,000","2,600,000,000","3,373,000,000","2,315,000,000","2,231,000,000","2,186,000,000","2,929,000,000","2,121,000,000","1,926,000,000","1,793,000,000","2,539,000,000","1,692,784,000","1,561,192,000","1,405,574,000","1,820,809,000","1,410,200,000","1,251,254,000","1,344,496,000","1,615,676,000","1,119,607,000","1,043,577,000","954,273,000","1,207,920,000","870,276,000","809,357,000","855,710,000","1,361,129,000","1,163,085,000","1,166,640,000","1,270,949,000","1,006,477,000","1,080,068,000","1,256,958,000","1,525,278,000","424,254,000","374,657,000","369,441,000","132,893,000","137,709,000","52,700,000","59,200,000","9,000,000","7,100,000"
"		CashCashEquivalentsAndShortTermInvestments","86,780,000,000","64,169,000,000","63,970,000,000","64,405,000,000","70,026,000,000","58,662,000,000","60,710,000,000","66,385,000,000","96,049,000,000","78,988,000,000","89,894,000,000","73,270,000,000","84,396,000,000","68,402,000,000","71,391,000,000","49,292,000,000","55,021,000,000","43,401,000,000","41,463,000,000","37,020,000,000","41,250,000,000","29,765,000,000","27,050,000,000","24,963,000,000","30,986,000,000","24,310,000,000","21,451,000,000","21,531,000,000","25,981,000,000","18,347,000,000","16,540,000,000","15,859,000,000","19,808,000,000","14,428,000,000","14,001,000,000","13,781,000,000","17,416,000,000","6,883,000,000","7,986,000,000","8,666,000,000","12,447,000,000","7,689,000,000","7,463,000,000","7,895,000,000","11,448,000,000","5,248,000,000","4,970,000,000","5,715,000,000","9,576,000,000","6,326,000,000","6,355,000,000","6,881,000,000","8,762,000,000","5,885,000,000","5,108,000,000","5,063,000,000","6,366,000,000","4,001,000,000","3,212,000,000","2,730,000,000","3,727,000,000","2,324,000,000","2,380,000,000","2,151,000,000","3,112,000,000","1,909,000,000","1,665,000,000","1,420,000,000","2,019,000,000","1,219,000,000","1,419,000,000","1,334,000,000","2,000,000,000","1,419,000,000","1,325,000,000","1,151,000,000","1,779,000,000","1,184,700,000","1,151,351,000","998,141,000","1,394,823,000","1,064,660,000","988,772,000","1,082,552,000","1,300,969,000","865,802,000","823,579,000","745,258,000","996,585,000","668,100,000","608,969,000","642,973,000","1,100,522,000","900,024,000","907,621,000","1,008,881,000","706,188,000","905,685,000","1,144,237,000","1,442,965,000","373,445,000","337,260,000","339,919,000","116,820,000","125,375,000","44,700,000","47,700,000","7,200,000","6,200,000"
"			CashAndCashEquivalents","73,387,000,000","49,605,000,000","49,529,000,000","49,343,000,000","53,888,000,000","34,947,000,000","37,478,000,000","36,393,000,000","36,220,000,000","29,944,000,000","40,380,000,000","33,834,000,000","42,122,000,000","29,930,000,000","37,466,000,000","27,201,000,000","36,092,000,000","23,255,000,000","22,616,000,000","23,115,000,000","31,750,000,000","20,425,000,000","19,823,000,000","16,676,000,000","20,522,000,000","12,767,000,000","13,203,000,000","15,440,000,000","19,334,000,000","13,656,000,000","12,521,000,000","12,470,000,000","15,890,000,000","10,709,000,000","10,269,000,000","10,237,000,000","14,557,000,000","5,258,000,000","5,057,000,000","5,074,000,000","8,658,000,000","3,872,000,000","3,704,000,000","4,481,000,000","8,084,000,000","2,980,000,000","2,335,000,000","2,288,000,000","5,269,000,000","2,823,000,000","2,047,000,000","2,641,000,000","3,777,000,000","1,539,000,000","1,629,000,000","1,844,000,000","3,444,000,000","2,514,000,000","1,936,000,000","1,701,000,000","2,769,000,000","1,650,000,000","1,548,000,000","1,496,000,000","2,539,000,000","1,366,000,000","1,004,000,000","748,000,000","1,022,000,000","693,000,000","683,000,000","507,000,000","1,013,000,000","600,000,000","629,000,000","533,000,000","1,303,000,000","745,608,000","701,150,000","768,587,000","1,102,273,000","666,418,000","641,728,000","495,773,000","738,254,000","327,564,000","270,438,000","296,689,000","540,282,000","432,307,000","462,949,000","446,944,000","822,435,000","647,048,000","720,377,000","84,087,000","133,309,000","43,149,000","42,539,000","5,248,000","25,561,000","14,856,000","2,523,000","98,600,000","1,876,000","44,700,000","47,700,000","7,200,000","6,200,000"
"				CashFinancial",,,,,,,,,,,,,,,,,,,,,,,,,,,,,,,,,,,,,,,,,,,,,,,,,,,,,,,,,,,,,,,,,,,,,,,,,,,,,"407,906,000","195,172,000","203,773,000","196,238,000","427,306,000","271,697,000","227,767,000","203,777,000","302,964,000",,,,"149,968,000",,,,"141,922,000",,,"84,087,000","116,961,000",,,,"25,561,000",,,,"1,876,000",,,,
"				CashEquivalents",,,,,,,,,,,,,,,,,,,,,,,,,,,,,,,,,,,,,,,,,,,,,,,,,,,,,,,,,,,,,,,,,,,,,,,,,,,,,"894,694,000","550,436,000","497,377,000","572,349,000","674,967,000","394,721,000","413,961,000","291,996,000","435,290,000",,,,"390,314,000",,,,"680,513,000",,,,"16,348,000",,,,,,,,,,,,
"			OtherShortTermInvestments","13,393,000,000","14,564,000,000","14,441,000,000","15,062,000,000","16,138,000,000","23,715,000,000","23,232,000,000","29,992,000,000","59,829,000,000","49,044,000,000","49,514,000,000","39,436,000,000","42,274,000,000","38,472,000,000","33,925,000,000","22,091,000,000","18,929,000,000","20,146,000,000","18,847,000,000","13,905,000,000","9,500,000,000","9,340,000,000","7,227,000,000","8,287,000,000","10,464,000,000","11,543,000,000","8,248,000,000","6,091,000,000","6,647,000,000","4,691,000,000","4,019,000,000","3,389,000,000","3,918,000,000","3,719,000,000","3,732,000,000","3,544,000,000","2,859,000,000","1,625,000,000","2,929,000,000","3,592,000,000","3,789,000,000","3,817,000,000","3,759,000,000","3,414,000,000","3,364,000,000","2,268,000,000","2,635,000,000","3,427,000,000","4,307,000,000","3,503,000,000","4,308,000,000","4,240,000,000","4,985,000,000","4,346,000,000","3,479,000,000","3,219,000,000","2,922,000,000","1,487,000,000","1,276,000,000","1,029,000,000","958,000,000","674,000,000","832,000,000","655,000,000","573,000,000","543,000,000","661,000,000","672,000,000","997,000,000","526,000,000","736,000,000","827,000,000","987,000,000","819,000,000","696,000,000","618,000,000","476,000,000","439,092,000","450,201,000","229,554,000","292,550,000","398,242,000","347,044,000","586,779,000","562,715,000","538,238,000","553,141,000","448,569,000","456,303,000","235,793,000","146,020,000","196,029,000","278,087,000","252,976,000","187,244,000","924,794,000","572,879,000","862,536,000","1,101,698,000","1,437,717,000","347,884,000","322,404,000","337,396,000","18,220,000","123,499,000",,,,
"		Receivables","52,253,000,000","38,100,000,000","39,925,000,000","37,646,000,000","42,360,000,000","36,154,000,000","34,804,000,000","32,504,000,000","32,891,000,000","28,610,000,000","26,835,000,000","24,289,000,000","24,542,000,000","20,832,000,000","19,918,000,000","17,836,000,000","20,816,000,000","16,887,000,000","16,747,000,000","15,979,000,000","16,677,000,000","28,516,000,000","12,607,000,000","12,026,000,000","26,328,000,000","10,557,000,000","8,046,000,000","7,329,000,000","16,678,000,000","6,566,000,000","6,092,000,000","5,072,000,000","11,308,000,000","5,440,000,000","4,920,000,000","4,772,000,000","11,224,000,000","4,373,000,000","4,125,000,000","3,945,000,000","9,534,000,000","3,057,000,000","2,861,000,000","2,516,000,000","7,634,000,000","2,392,000,000","2,035,000,000","1,813,000,000","5,142,000,000","1,496,000,000","1,438,000,000","1,304,000,000","1,587,000,000","959,000,000","805,000,000","815,000,000","988,000,000","1,342,000,000","1,168,000,000","1,174,000,000","1,654,000,000","597,000,000","586,000,000","581,000,000","1,410,000,000","474,000,000","384,000,000","358,000,000","798,000,000","281,000,000","225,000,000","228,000,000","548,000,000","188,000,000","155,000,000","171,000,000","398,000,000","150,764,000","125,647,000","125,883,000","131,473,000","103,873,000","84,375,000","88,914,000","112,282,000",,,,"67,613,000",,,,,,,,,,,,,,,,,,,,
"			AccountsReceivable","52,253,000,000","35,600,000,000","39,925,000,000","37,646,000,000","42,360,000,000","36,154,000,000","34,804,000,000","32,504,000,000","32,891,000,000","28,610,000,000","26,835,000,000","24,289,000,000","24,542,000,000","20,832,000,000","19,918,000,000","17,836,000,000","20,816,000,000","16,887,000,000","16,747,000,000","15,979,000,000","16,677,000,000","28,516,000,000","12,607,000,000","12,026,000,000","26,328,000,000","10,557,000,000","8,046,000,000","7,329,000,000","16,678,000,000","6,566,000,000","6,092,000,000","5,072,000,000","11,308,000,000","5,440,000,000","4,920,000,000","4,772,000,000","11,224,000,000","4,373,000,000","4,125,000,000","3,945,000,000","9,534,000,000","3,057,000,000","2,861,000,000","2,516,000,000","7,634,000,000","2,392,000,000","2,035,000,000","1,813,000,000","5,142,000,000","1,496,000,000","1,438,000,000","1,304,000,000","1,587,000,000","959,000,000","805,000,000","815,000,000","988,000,000","1,342,000,000","1,168,000,000","1,174,000,000","1,654,000,000","597,000,000","586,000,000","581,000,000","1,410,000,000","474,000,000","384,000,000","358,000,000","798,000,000","281,000,000","225,000,000","228,000,000","548,000,000","188,000,000","155,000,000","171,000,000","398,000,000","150,764,000","125,647,000","125,883,000","131,473,000","103,873,000","84,375,000","88,914,000","112,282,000",,,,"67,613,000",,,,,,,,,,,,,,,,,,,,
"				GrossAccountsReceivable","53,953,000,000",,"41,425,000,000","39,046,000,000","43,760,000,000",,"36,004,000,000",,"33,991,000,000",,,,"25,642,000,000","21,800,000,000",,,"21,534,000,000",,,,"17,172,000,000","14,715,000,000",,,"13,512,000,000",,,,"8,576,000,000",,,,"5,843,000,000",,,,"5,802,000,000",,,,"4,920,000,000",,,,"3,933,000,000",,,,"2,653,000,000",,,,,,,,"1,060,000,000","755,000,000","672,000,000","673,000,000","908,000,000",,,,"769,000,000",,,,"439,000,000",,,,"317,000,000",,,,"222,000,000",,,,,,,,,,,,,,,,,,,,,,,,,,,,,,,,
"				AllowanceForDoubtfulAccountsReceivable","-1,700,000,000",,"-1,500,000,000","-1,400,000,000","-1,400,000,000",,"-1,200,000,000",,"-1,100,000,000",,,,"-1,100,000,000","-968,000,000",,,"-718,000,000",,,,"-495,000,000","-457,000,000",,,"-348,000,000",,,,"-237,000,000",,,,"-189,000,000",,,,"-190,000,000",,,,"-153,000,000",,,,"-116,000,000",,,,"-82,000,000",,,,,,,,"-72,000,000","-84,000,000","-88,000,000","-86,000,000","-81,000,000",,,,"-64,000,000",,,,"-40,000,000",,,,"-43,000,000",,,,"-23,000,000",,,,,,,,,,,,,,,,,,,,,,,,,,,,,,,,
"			OtherReceivables",,"2,500,000,000",,,,,,,,,,,,,,,,,,,,,,,,,,,,,,,,,,,,,,,,,,,,,,,,,,,,,,,,,,,,,,,,,,,,,,,,,,,,,,,,,,,,,,,,,,,,,,,,,,,,,,,,,,,
"		Inventory","33,318,000,000","35,406,000,000","36,587,000,000","34,170,000,000","34,405,000,000","36,647,000,000","38,153,000,000","34,987,000,000","32,640,000,000","30,933,000,000","24,119,000,000","23,849,000,000","23,795,000,000","23,735,000,000","19,599,000,000","18,857,000,000","20,497,000,000","18,766,000,000","18,580,000,000","16,432,000,000","17,174,000,000","15,862,000,000","14,824,000,000","13,840,000,000","16,047,000,000","13,711,000,000","11,510,000,000","10,600,000,000","11,461,000,000","10,696,000,000","9,588,000,000","9,582,000,000","10,243,000,000","8,981,000,000","7,470,000,000","7,369,000,000","8,299,000,000","7,316,000,000","6,644,000,000","6,716,000,000","7,411,000,000","6,068,000,000","5,420,000,000","5,395,000,000","6,031,000,000","5,065,000,000","4,380,000,000","4,255,000,000","4,992,000,000","3,770,000,000","3,229,000,000","2,888,000,000","3,202,000,000","2,515,000,000","1,940,000,000","1,820,000,000","2,171,000,000","1,617,000,000","1,325,000,000","1,266,000,000","1,399,000,000","1,315,000,000","1,107,000,000","1,077,000,000","1,200,000,000","970,000,000","735,000,000","754,000,000","877,000,000","736,000,000","521,000,000","538,000,000","566,000,000","456,000,000","383,000,000","403,000,000","480,000,000","357,320,000","284,194,000","281,550,000","293,917,000","241,667,000","178,107,000","173,030,000","202,425,000","151,514,000","126,794,000","138,996,000","143,722,000","130,739,000","129,035,000","155,562,000","174,563,000","163,880,000","172,360,000","172,257,000","220,646,000","118,793,000","59,387,000","45,236,000","29,501,000","19,772,000","17,035,000","11,674,000","8,971,000","2,700,000","1,700,000","900,000","600,000"
"			FinishedGoods",,"35,406,000,000","36,587,000,000","34,170,000,000",,,"38,153,000,000","34,987,000,000","32,640,000,000","30,933,000,000","24,119,000,000","23,849,000,000","23,795,000,000","23,735,000,000","19,599,000,000","18,857,000,000","20,497,000,000","18,766,000,000","18,580,000,000","16,432,000,000","17,174,000,000","15,862,000,000","14,824,000,000","13,840,000,000","16,047,000,000","13,711,000,000","11,510,000,000","10,600,000,000","11,461,000,000","10,696,000,000","9,588,000,000","9,582,000,000","10,243,000,000","8,981,000,000","7,470,000,000","7,369,000,000","8,299,000,000","7,316,000,000","6,644,000,000","6,716,000,000","7,411,000,000","6,068,000,000","5,420,000,000","5,395,000,000","6,031,000,000","5,065,000,000","4,380,000,000","4,255,000,000","4,992,000,000","3,770,000,000","3,229,000,000","2,888,000,000","3,202,000,000","2,515,000,000",,"1,820,000,000","2,171,000,000","1,617,000,000","1,325,000,000","1,266,000,000","1,399,000,000","1,315,000,000","1,107,000,000","1,077,000,000","1,200,000,000","970,000,000","735,000,000","754,000,000","877,000,000","736,000,000",,"538,000,000","566,000,000","456,000,000","383,000,000",,"480,000,000","357,320,000","284,194,000","281,550,000","293,917,000","241,667,000","178,107,000","173,030,000","202,425,000","151,514,000","126,794,000","138,996,000","143,722,000",,,,"174,563,000",,,,"220,646,000",,,,"29,501,000",,,,"8,971,000",,,,
"		PrepaidAssets",,,,,,,,,,,,,,,,,,,,,,,,,,,,,,,,,,,,,,,,,,,,,,,,,,,,,,,,,,,,,,,,,,,,,,,,,,,,,,,,,,,,,,"102,291,000","93,204,000","70,019,000","67,613,000","71,437,000","71,353,000","57,175,000","86,044,000","99,181,000","86,659,000","89,811,000","79,643,000","55,590,000","53,334,000","37,077,000","21,308,000","17,625,000","12,487,000","4,399,000","3,363,000",,,,
"		CurrentDeferredAssets",,,,,,,,,,,,,,,,,,,,,,,,,,,,,,,,,,,,,,,,,,"520,000,000","541,000,000","507,000,000","453,000,000","413,000,000","408,000,000","371,000,000","351,000,000","312,000,000","257,000,000","215,000,000","196,000,000","200,000,000","265,000,000","266,000,000","272,000,000","80,000,000","183,000,000","192,000,000","204,000,000","194,000,000","163,000,000","156,000,000","147,000,000","71,000,000","75,000,000","68,000,000","78,000,000","79,000,000","66,000,000","86,000,000","89,000,000","58,000,000","63,000,000","68,000,000","81,000,000",,,,"596,000",,,,,,,,,,,,,,,,,,,,,,,,,,,,
"			CurrentDeferredTaxesAssets",,,,,,,,,,,,,,,,,,,,,,,,,,,,,,,,,,,,,,,,,,"520,000,000","541,000,000","507,000,000","453,000,000","413,000,000","408,000,000","371,000,000","351,000,000","312,000,000","257,000,000","215,000,000","196,000,000","200,000,000","265,000,000","266,000,000","272,000,000","80,000,000","183,000,000","192,000,000","204,000,000","194,000,000","163,000,000","156,000,000","147,000,000","71,000,000","75,000,000","68,000,000","78,000,000","79,000,000","66,000,000","86,000,000","89,000,000","58,000,000","63,000,000","68,000,000","81,000,000",,,,"596,000",,,,,,,,,,,,,,,,,,,,,,,,,,,,
"		OtherCurrentAssets",,"5,320,000,000",,,,,,,,,,,,,,,,,,,"-16,677,000,000","-14,258,000,000",,,"-13,164,000,000",,,,"-8,339,000,000",,,,"-5,654,000,000",,,,"-5,612,000,000",,,,"-4,767,000,000",,,,"-3,817,000,000",,,,"-2,571,000,000",,,,,,,,"-988,000,000","-671,000,000","-584,000,000","-587,000,000","-827,000,000",,,,"-705,000,000",,,,"-399,000,000",,,,"-274,000,000",,,,"-199,000,000",,,,,,,,,,,,,,,,,,,,"79,700,000",,,,"369,200,000",,,,"126,800,000","5,300,000","9,800,000","900,000","300,000"
"	TotalNonCurrentAssets","355,503,000,000","343,888,000,000","337,125,000,000","328,157,000,000","315,884,000,000","296,899,000,000","286,061,000,000","276,891,000,000","258,969,000,000","243,875,000,000","219,471,000,000","201,669,000,000","188,462,000,000","169,210,000,000","147,406,000,000","135,253,000,000","128,914,000,000","120,045,000,000","114,561,000,000","108,671,000,000","87,547,000,000","83,810,000,000","79,619,000,000","75,533,000,000","71,113,000,000","66,689,000,000","46,774,000,000","41,509,000,000","37,621,000,000","35,288,000,000","32,856,000,000","30,615,000,000","29,042,000,000","27,381,000,000","26,049,000,000","24,153,000,000","23,178,000,000","21,847,000,000","19,143,000,000","17,037,000,000","15,534,000,000","14,527,000,000","13,338,000,000","12,064,000,000","11,259,000,000","9,716,000,000","9,229,000,000","8,185,000,000","7,788,000,000","7,150,000,000","6,662,000,000","5,594,000,000","5,050,000,000","4,603,000,000","4,279,000,000","4,078,000,000","4,016,000,000","2,603,000,000","2,371,000,000","2,205,000,000","2,157,000,000","2,136,000,000","2,086,000,000","1,918,000,000","1,321,000,000","1,194,000,000","1,125,000,000","1,061,000,000","990,000,000","953,000,000","934,000,000","804,000,000","767,000,000","711,000,000","675,000,000","679,000,000","709,000,000","415,884,000","326,918,000","332,987,000","341,224,000","339,485,000","345,600,000","361,437,000","374,773,000","377,798,000","391,470,000","407,655,000","429,627,000","476,092,000","535,679,000","614,445,000","774,040,000","1,091,542,000","1,294,090,000","1,458,794,000","1,459,373,000","1,159,731,000","1,041,256,000","287,706,000","224,206,000","245,057,000","74,318,000","12,114,000","12,135,000","4,700,000","3,900,000","2,700,000","1,200,000"
"		NetPPE","276,690,000,000","267,226,000,000","264,116,000,000","259,016,000,000","252,838,000,000","239,228,000,000","232,136,000,000","224,629,000,000","216,363,000,000","199,303,000,000","176,848,000,000","160,789,000,000","150,667,000,000","134,100,000,000","115,054,000,000","104,058,000,000","97,846,000,000","90,776,000,000","86,372,000,000","81,180,000,000","61,797,000,000","58,019,000,000","54,768,000,000","52,331,000,000","48,866,000,000","45,335,000,000","37,083,000,000","32,632,000,000","29,114,000,000","27,177,000,000","25,190,000,000","23,308,000,000","21,838,000,000","20,636,000,000","19,479,000,000","17,736,000,000","16,967,000,000","15,702,000,000","14,089,000,000","12,267,000,000","10,949,000,000","9,991,000,000","8,789,000,000","7,674,000,000","7,060,000,000","5,662,000,000","5,097,000,000","4,653,000,000","4,417,000,000","3,999,000,000","3,470,000,000","2,902,000,000","2,414,000,000","2,099,000,000","1,704,000,000","1,436,000,000","1,290,000,000","1,086,000,000","981,000,000","889,000,000","854,000,000","731,000,000","651,000,000","594,000,000","543,000,000","491,000,000","443,000,000","442,000,000","457,000,000","449,000,000","405,000,000","361,000,000","348,000,000","322,000,000","267,000,000","245,000,000","246,000,000","226,762,000","215,871,000","217,476,000","224,285,000","221,459,000","221,674,000","228,279,000","239,398,000","239,238,000","249,452,000","256,403,000","271,751,000","288,373,000","292,422,000","304,179,000","366,416,000","352,290,000","344,042,000","334,396,000","317,613,000","221,243,000","156,333,000","60,600,000","29,791,000","23,821,000","14,014,000","9,773,000","9,726,000","4,400,000","3,600,000","2,500,000","1,000,000"
"			GrossPPE","396,801,000,000","267,226,000,000","264,116,000,000","259,016,000,000","349,853,000,000","239,228,000,000","232,136,000,000","224,629,000,000","294,882,000,000","199,303,000,000","176,848,000,000","160,789,000,000","211,101,000,000","134,100,000,000","115,054,000,000","104,058,000,000","144,821,000,000","90,776,000,000","86,372,000,000","81,180,000,000","95,770,000,000","58,019,000,000","54,768,000,000","52,331,000,000","72,656,000,000","45,335,000,000","37,083,000,000","32,632,000,000","42,441,000,000","27,177,000,000","25,190,000,000","23,308,000,000","30,053,000,000","20,636,000,000","19,479,000,000","17,736,000,000","22,730,000,000","15,702,000,000","14,089,000,000","12,267,000,000","14,809,000,000","9,991,000,000","8,789,000,000","7,674,000,000","9,582,000,000","5,662,000,000","5,097,000,000","4,653,000,000","5,786,000,000","3,999,000,000","3,470,000,000","2,902,000,000","3,256,000,000","2,099,000,000","1,704,000,000","1,436,000,000","1,915,000,000","1,086,000,000","981,000,000","889,000,000","1,409,000,000","731,000,000","651,000,000","594,000,000","1,023,000,000","491,000,000","443,000,000","442,000,000","824,000,000","449,000,000","405,000,000","361,000,000","571,000,000","322,000,000","267,000,000","245,000,000","423,000,000","226,762,000","215,871,000","217,476,000","371,738,000","221,459,000","221,674,000","228,279,000","376,994,000","239,238,000","249,452,000","256,403,000","438,143,000","447,475,000","430,188,000","425,171,000","481,264,000","352,290,000","344,042,000","334,396,000","366,977,000","256,874,000","183,228,000","79,385,000","43,585,000","29,018,000","19,211,000","14,970,000","13,490,000","5,700,000","4,900,000","3,200,000","1,300,000"
"				Properties","105,293,000,000",,,,"91,650,000,000",,,,0,,,,0,,,,0,,,,0,,,,0,,,,0,,,,0,,,,0,,,,0,,,,0,,,,0,,,,,,,,,,,,,,,,,,,,,,,,,,,,,,,,,,,,,,,,0,0,0,0,0,,,,0,0,,,0,,,0,0,,,,
"				LandAndImprovements","105,293,000,000",,,,"91,650,000,000",,,,"81,104,000,000",,,,"57,324,000,000",,,,"39,223,000,000",,,,"31,741,000,000",,,,"23,896,000,000",,,,"13,998,000,000",,,,"9,770,000,000",,,,"7,150,000,000",,,,"4,584,000,000",,,,"2,966,000,000",,,,"1,437,000,000",,,,,,,,,,,,,,,,,,,,,,,,,,,,,,,,,,,,,,,,,,,,,,,,,,,,,,,,,,,,
"				BuildingsAndImprovements",,,,,,,,,,,,,,,,,,,,,,,,,,,,,,,,,,,,,,,,,,,,,,,,,,,,,,,,,,,,,,,,,,,,,,,,,,,,,,,,,,,,,,,,,,"103,892,000","102,924,000","101,957,000","107,367,000",,,,"43,968,000","29,316,000",,,"5,535,000",,,"1,199,000",,,,,
"				MachineryFurnitureEquipment",,,,,,,,,"128,683,000,000",,,,"97,224,000,000",,,,"71,310,000,000",,,,"54,591,000,000",,,,"42,244,000,000",,,,"25,989,000,000",,,,"18,417,000,000",,,,"14,213,000,000",,,,"9,274,000,000",,,,"6,228,000,000",,,,"4,106,000,000",,,,"487,000,000",,,,"398,000,000",,,,"331,000,000",,,,"285,000,000",,,,"230,000,000",,,,"138,000,000",,,,"380,000,000",,,,"57,413,000",,,"471,617,000","55,607,000",,,,"238,311,000","284,519,000","270,593,000","266,466,000","296,461,000",,,,"187,345,000","68,031,000",,,"35,848,000",,,"13,409,000","12,122,000",,,,
"				OtherProperties","262,668,000,000","267,226,000,000","264,116,000,000","259,016,000,000","228,183,000,000","239,228,000,000","232,136,000,000","224,629,000,000","188,883,000,000","199,303,000,000","176,848,000,000","160,789,000,000","41,325,000,000","134,100,000,000","115,054,000,000","104,058,000,000","28,252,000,000","90,776,000,000","86,372,000,000","81,180,000,000","2,577,000,000","58,019,000,000","54,768,000,000","52,331,000,000","2,438,000,000","45,335,000,000","37,083,000,000","32,632,000,000","649,000,000","27,177,000,000","25,190,000,000","23,308,000,000","334,000,000","20,636,000,000","19,479,000,000","17,736,000,000","304,000,000","15,702,000,000","14,089,000,000","12,267,000,000","231,000,000","9,991,000,000","8,789,000,000","7,674,000,000","174,000,000","5,662,000,000","5,097,000,000","4,653,000,000","137,000,000","3,999,000,000","3,470,000,000","2,902,000,000","2,385,000,000","2,099,000,000","1,704,000,000","1,436,000,000","1,239,000,000","1,086,000,000","981,000,000","889,000,000","991,000,000","731,000,000","651,000,000","594,000,000","723,000,000","491,000,000","443,000,000","442,000,000","594,000,000","449,000,000","405,000,000","361,000,000","433,000,000","322,000,000","267,000,000","245,000,000","43,000,000","226,762,000","215,871,000","217,476,000","314,325,000","221,459,000","221,674,000","228,279,000","321,387,000","239,238,000","249,452,000","256,403,000","199,832,000","56,267,000","54,341,000","54,176,000","51,969,000","352,290,000","344,042,000","334,396,000","52,374,000","50,858,000",,,"442,000",,,"362,000",,,,,
"				ConstructionInProgress","28,840,000,000",,,,"30,020,000,000",,,,"24,895,000,000",,,,"15,228,000,000",,,,"6,036,000,000",,,,"6,861,000,000",,,,"4,078,000,000",,,,"1,805,000,000",,,,"1,532,000,000",,,,"1,063,000,000",,,,"720,000,000",,,,"214,000,000",,,,"106,000,000",,,,"384,000,000",,,,"278,000,000",,,,"87,000,000",,,,"15,000,000",,,,0,,,,,,,,,,,,,,,,,,,,"24,846,000","2,797,000","2,330,000","2,572,000","25,467,000",,,,"83,290,000","108,669,000",,,"1,760,000",,,,,,,,
"				Leases",,,,,,,,,,,,,,,,,,,,,,,,,,,,,,,,,,,,,,,,,,,,,,,,,,,,,,,,,,,,,,,,,,,,,,,,,,,,,,,,,,,,,,,,,"144,856,000","160,159,000","157,265,000","156,133,000","159,336,000",,,,"96,342,000",,,,"5,977,000",,,,"1,368,000",,,,
"			AccumulatedDepreciation","-120,111,000,000",,,,"-97,015,000,000",,,,"-78,519,000,000",,,,"-60,434,000,000",,,,"-46,975,000,000",,,,"-33,973,000,000",,,,"-23,790,000,000",,,,"-13,327,000,000",,,,"-8,215,000,000",,,,"-5,763,000,000",,,,"-3,860,000,000",,,,"-2,522,000,000",,,,"-1,369,000,000",,,,"-842,000,000",,,,"-625,000,000",,,,"-555,000,000","-480,000,000","-480,000,000","-480,000,000","-480,000,000","-367,000,000","-367,000,000","-367,000,000","-367,000,000","-223,000,000","-223,000,000","-223,000,000","-223,000,000","-177,000,000","-177,000,000","-176,000,000","-177,000,000","-147,453,000","-147,453,000","-147,453,000","-147,453,000","-243,338,000","-243,338,000","-243,338,000","-137,596,000","-166,392,000","-166,392,000","-166,392,000","-166,392,000","-159,102,000","-137,766,000","-120,992,000","-114,848,000","-107,606,000","-85,442,000","-65,850,000","-49,364,000","-35,631,000","-26,895,000","-18,785,000","-13,794,000","-5,197,000","-5,197,000","-5,197,000","-3,764,000","-1,300,000","-1,300,000","-700,000","-300,000"
"		GoodwillAndOtherIntangibleAssets","30,476,000,000","22,749,000,000","22,785,000,000","22,749,000,000","26,385,000,000","20,168,000,000","20,195,000,000","20,229,000,000","20,478,000,000","15,345,000,000","15,350,000,000","15,220,000,000","19,998,000,000","14,960,000,000","14,751,000,000","14,739,000,000","18,803,000,000","14,734,000,000","14,727,000,000","14,708,000,000","18,658,000,000","14,553,000,000","13,944,000,000","13,388,000,000","16,721,000,000","13,271,000,000","4,254,000,000","3,823,000,000","4,638,000,000","3,815,000,000","3,774,000,000","3,785,000,000","4,751,000,000","3,529,000,000","3,523,000,000","3,491,000,000","4,083,000,000","3,332,000,000","2,677,000,000","2,653,000,000","3,300,000,000","2,635,000,000","2,614,000,000","2,535,000,000","3,277,000,000","2,540,000,000","2,521,000,000","1,970,000,000","2,602,000,000","1,934,000,000","1,909,000,000","1,513,000,000","1,912,000,000","1,277,000,000","1,229,000,000","1,234,000,000","1,801,000,000","457,000,000","451,000,000","433,000,000","438,000,000","405,000,000","400,000,000","392,000,000","222,000,000","218,000,000","214,000,000","196,000,000","195,000,000","194,000,000","193,000,000","193,000,000","159,000,000","159,000,000","154,000,000","149,000,000","139,000,000","137,584,000","69,121,000","69,121,000","69,121,000","69,780,000","72,446,000","73,359,000","74,271,000","75,184,000","76,396,000","77,770,000","79,749,000","111,061,000","152,895,000","204,420,000","255,325,000","520,470,000","596,778,000","647,192,000","730,144,000","705,932,000","741,865,000","187,194,000","178,638,000","213,064,000","52,398,000",,0,,,,
"			Goodwill","22,789,000,000","22,749,000,000","22,785,000,000","22,749,000,000","20,288,000,000","20,168,000,000","20,195,000,000","20,229,000,000","15,371,000,000","15,345,000,000","15,350,000,000","15,220,000,000","15,017,000,000","14,960,000,000","14,751,000,000","14,739,000,000","14,754,000,000","14,734,000,000","14,727,000,000","14,708,000,000","14,548,000,000","14,553,000,000","13,944,000,000","13,388,000,000","13,350,000,000","13,271,000,000","4,254,000,000","3,823,000,000","3,784,000,000","3,815,000,000","3,774,000,000","3,785,000,000","3,759,000,000","3,529,000,000","3,523,000,000","3,491,000,000","3,319,000,000","3,332,000,000","2,677,000,000","2,653,000,000","2,655,000,000","2,635,000,000","2,614,000,000","2,535,000,000","2,552,000,000","2,540,000,000","2,521,000,000","1,970,000,000","1,955,000,000","1,934,000,000","1,909,000,000","1,513,000,000","1,349,000,000","1,277,000,000","1,229,000,000","1,234,000,000","1,234,000,000","457,000,000","451,000,000","433,000,000","438,000,000","405,000,000","400,000,000","392,000,000","222,000,000","218,000,000","214,000,000","196,000,000","195,000,000","194,000,000","193,000,000","193,000,000","159,000,000","159,000,000","154,000,000","149,000,000","139,000,000","137,584,000","69,121,000","69,121,000","69,121,000","69,121,000","70,811,000","66,473,000","70,811,000","70,811,000","70,811,000","70,811,000","70,811,000","62,788,000","89,002,000","123,996,000","158,990,000","383,996,000","441,240,000","471,748,000","534,699,000",,,,"174,052,000",,,,,,,,
"			OtherIntangibleAssets","7,687,000,000",,,,"6,097,000,000",,,,"5,107,000,000",,,,"4,981,000,000",,,,"4,049,000,000",,,,"4,110,000,000",,,,"3,371,000,000",,,,"854,000,000",,,,"992,000,000",,,,"764,000,000",,,,"645,000,000",,,,"725,000,000",,,,"647,000,000",,,,"563,000,000",,,,"567,000,000",,,,"160,000,000",,,,"27,000,000",,,,"21,000,000",,,"193,000,000","11,000,000","159,000,000","154,000,000","149,000,000","139,000,000","137,584,000","69,121,000","69,121,000","69,121,000","659,000","1,635,000","6,886,000","3,460,000","4,373,000","5,585,000","6,959,000","8,938,000","48,273,000","63,893,000","80,424,000","96,335,000","136,474,000","155,538,000","175,444,000","195,445,000","705,932,000","741,865,000","187,194,000","4,586,000","213,064,000","52,398,000",,,,,,
"		InvestmentsAndAdvances",,,,,,,,,,,,,,,,,,,,,,,,,,,,,,,,,,,,,,,,,,,,,,,,,,,,,,,,,,,,,,,,,,,,,,,,,,,,,,,,,"14,831,000","12,949,000","12,764,000","13,453,000","15,442,000","16,498,000","18,476,000","25,413,000","28,359,000","25,347,000","36,952,000","51,042,000","92,250,000","164,476,000","299,976,000","422,324,000","371,462,000",,,,"7,740,000",,,,,,,,
"			LongTermEquityInvestment",,,,,,,,,,,,,,,,,,,,,,,,,,,,,,,,,,,,,,,,,,,,,,,,,,,,,,,,,,,,,,,,,,,,,,,,,,,,,,,,,"14,831,000","12,949,000","12,764,000","13,453,000","15,442,000","16,498,000","18,476,000","25,413,000","28,359,000","25,347,000","36,952,000","51,042,000","92,250,000","91,131,000","211,715,000","271,542,000","371,462,000",,,,"7,740,000",,,,,,,,
"			OtherInvestments",,,,,,,,,,,,,,,,,,,,,,,,,,,,,,,,,,,,,,,,,,,,,,,,,,,,,,,,,,,,,,,,,,,,,,,,,,,,,,,,,,,,,,,,,,,,,,"73,345,000","88,261,000","150,782,000","144,735,000",,,,0,,,,,,,,
"		NonCurrentDeferredAssets",,,,,,,,,,,,,,,,,,,,,,,,,,,,,,,,,,,,,,,,,,"128,000,000","128,000,000","123,000,000","123,000,000","38,000,000","26,000,000","27,000,000","28,000,000","27,000,000","30,000,000","28,000,000","22,000,000","43,000,000","29,000,000","16,000,000","18,000,000","206,000,000","118,000,000","118,000,000","145,000,000","278,000,000","284,000,000","280,000,000","260,000,000","231,000,000","224,000,000","225,000,000","199,000,000","180,000,000","208,000,000","205,000,000","223,000,000","190,000,000","206,000,000","239,000,000","282,000,000",,,,"4,142,000",,,,,,,,,,,,,,,,"40,154,000",,,,"8,037,000",,,,"2,240,000",,,,
"			NonCurrentDeferredTaxesAssets",,,,,,,,,,,,,,,,,,,,,,,,,,,,,,,,,,,,,,,,,,"128,000,000","128,000,000","123,000,000","123,000,000","38,000,000","26,000,000","27,000,000","28,000,000","27,000,000","30,000,000","28,000,000","22,000,000","43,000,000","29,000,000","16,000,000","18,000,000","206,000,000","118,000,000","118,000,000","145,000,000","278,000,000","284,000,000","280,000,000","260,000,000","231,000,000","224,000,000","225,000,000","199,000,000","180,000,000","208,000,000","205,000,000","223,000,000","190,000,000","206,000,000","239,000,000","282,000,000",,,,"4,142,000",,,,,,,,,,,,,,,,,,,,,,,,,,,,
"		NonCurrentPrepaidAssets",,,,,,,,,,,,,,,,,,,,,,,,,,,,,,,,,,,,,,,,,,,,,,,,,,,,,,,,,,,,,,,,,,,,,,,,,,,,,,,,,,,,,,,,,,,,,,,,,,,,,"626,000",,,,"169,000",,,,
"		OtherNonCurrentAssets","48,337,000,000","53,913,000,000","50,224,000,000","46,392,000,000","36,661,000,000","37,503,000,000","33,730,000,000","32,033,000,000","22,128,000,000","29,227,000,000","27,273,000,000","25,660,000,000","17,797,000,000","20,150,000,000","17,601,000,000","16,456,000,000","12,265,000,000","14,535,000,000","13,462,000,000","12,783,000,000","7,092,000,000","11,238,000,000","10,907,000,000","9,814,000,000","5,526,000,000","8,083,000,000","5,437,000,000","5,054,000,000","3,869,000,000","4,296,000,000","3,892,000,000","3,522,000,000","2,453,000,000","3,216,000,000","3,047,000,000","2,926,000,000","2,128,000,000","2,813,000,000","2,377,000,000","2,117,000,000","1,285,000,000","1,773,000,000","1,807,000,000","1,732,000,000","922,000,000","1,476,000,000","1,585,000,000","1,535,000,000","741,000,000","1,190,000,000","1,253,000,000","1,151,000,000","702,000,000","1,184,000,000","1,317,000,000","1,392,000,000","907,000,000","854,000,000","821,000,000","765,000,000","720,000,000","722,000,000","751,000,000","652,000,000","296,000,000","254,000,000","244,000,000","198,000,000","139,000,000","130,000,000","128,000,000","45,000,000","37,000,000","40,000,000","48,000,000","46,000,000","42,000,000","51,538,000","41,926,000","46,390,000","43,676,000","35,297,000","38,716,000","46,346,000","45,662,000","46,878,000","47,146,000","48,069,000","49,768,000","51,311,000","53,410,000","54,804,000","60,049,000","54,306,000","53,294,000","54,882,000","40,154,000","232,556,000","143,058,000","39,912,000","7,400,000","8,172,000","7,906,000","2,341,000","2,400,000","300,000","300,000","200,000","200,000"
TotalLiabilitiesNetMinorityInterest,"325,979,000,000","303,910,000,000","309,005,000,000","309,852,000,000","316,632,000,000","290,873,000,000","288,326,000,000","276,766,000,000","282,304,000,000","261,842,000,000","245,516,000,000","219,757,000,000","227,791,000,000","199,404,000,000","184,586,000,000","155,966,000,000","163,188,000,000","142,591,000,000","138,290,000,000","129,692,000,000","119,099,000,000","104,570,000,000","99,105,000,000","94,899,000,000","103,601,000,000","90,609,000,000","64,567,000,000","59,295,000,000","64,117,000,000","53,115,000,000","48,538,000,000","46,372,000,000","51,363,000,000","43,800,000,000","40,672,000,000","39,202,000,000","43,764,000,000","30,083,000,000","27,296,000,000","26,036,000,000","30,413,000,000","22,774,000,000","20,890,000,000","19,945,000,000","24,363,000,000","15,281,000,000","13,517,000,000","13,068,000,000","17,521,000,000","11,288,000,000","10,176,000,000","9,535,000,000","11,933,000,000","7,765,000,000","6,540,000,000","6,424,000,000","8,556,000,000","5,387,000,000","4,419,000,000","4,062,000,000","5,642,000,000","4,039,000,000","4,092,000,000","4,413,000,000","5,288,000,000","3,857,000,000","3,434,000,000","3,308,000,000","3,932,000,000","3,072,000,000","2,782,000,000","2,666,000,000","3,450,000,000","2,826,000,000","2,665,000,000","2,634,000,000","3,475,000,000","2,829,745,000","2,678,968,000","2,643,611,000","3,198,140,000","2,907,719,000","2,843,690,000","2,994,997,000","3,343,263,000","2,975,844,000","2,878,958,000","2,809,303,000","3,077,547,000","2,800,362,000","2,774,967,000","2,723,566,000","3,102,420,000","2,741,794,000","2,739,154,000","2,704,126,000","2,199,572,000","1,819,874,000","1,727,168,000","1,735,447,000","509,715,000","439,950,000","404,330,000","125,180,000","121,253,000","20,000,000","17,500,000","8,900,000","4,900,000"
"	CurrentLiabilities","164,917,000,000","145,214,000,000","148,238,000,000","147,570,000,000","155,393,000,000","140,363,000,000","140,291,000,000","139,508,000,000","142,266,000,000","123,994,000,000","117,792,000,000","115,404,000,000","126,385,000,000","101,912,000,000","93,896,000,000","79,711,000,000","87,812,000,000","72,136,000,000","69,678,000,000","63,695,000,000","68,391,000,000","55,324,000,000","50,801,000,000","48,045,000,000","57,883,000,000","47,072,000,000","40,520,000,000","37,399,000,000","43,816,000,000","33,498,000,000","29,587,000,000","28,187,000,000","33,887,000,000","26,657,000,000","23,912,000,000","23,177,000,000","28,089,000,000","20,842,000,000","18,751,000,000","18,357,000,000","22,980,000,000","16,135,000,000","14,735,000,000","14,332,000,000","19,002,000,000","12,605,000,000","10,964,000,000","10,488,000,000","14,896,000,000","8,978,000,000","8,045,000,000","7,730,000,000","10,372,000,000","6,375,000,000","5,250,000,000","5,193,000,000","7,364,000,000","4,537,000,000","3,636,000,000","3,410,000,000","4,746,000,000","3,144,000,000","3,216,000,000","3,551,000,000","3,714,000,000","2,319,000,000","1,936,000,000","1,847,000,000","2,532,000,000","1,768,000,000","1,458,000,000","1,407,000,000","1,899,000,000","1,313,000,000","1,144,000,000","1,073,000,000","1,620,000,000","1,051,023,000","916,354,000","865,911,000","1,252,701,000","826,750,000","769,384,000","698,579,000","1,065,958,000","710,998,000","660,532,000","657,030,000","921,414,000","628,198,000","648,240,000","604,710,000","974,956,000","659,097,000","607,623,000","567,165,000","733,234,000","357,671,000","277,944,000","201,585,000","161,575,000","99,455,000","71,924,000","48,478,000","44,551,000","19,800,000","17,400,000","9,000,000","4,900,000"
"		PayablesAndAccruedExpenses","149,690,000,000","130,816,000,000","133,716,000,000","133,289,000,000","142,166,000,000","127,734,000,000","127,473,000,000","126,688,000,000","130,439,000,000","113,020,000,000","107,097,000,000","104,865,000,000","116,677,000,000","92,661,000,000","84,899,000,000","70,847,000,000","79,622,000,000","64,755,000,000","62,203,000,000","56,397,000,000","61,855,000,000","49,324,000,000","44,797,000,000","41,863,000,000","52,786,000,000","41,919,000,000","35,455,000,000","31,945,000,000","39,048,000,000","29,298,000,000","25,736,000,000","24,421,000,000","30,769,000,000","23,594,000,000","21,350,000,000","20,757,000,000","26,266,000,000","19,028,000,000","17,145,000,000","16,841,000,000","21,821,000,000","16,135,000,000","14,735,000,000","14,332,000,000","18,210,000,000","12,605,000,000","10,964,000,000","10,488,000,000","14,896,000,000","8,978,000,000","8,045,000,000","7,730,000,000","10,372,000,000","6,375,000,000","5,250,000,000","5,193,000,000","7,364,000,000","4,537,000,000","3,636,000,000","3,410,000,000","4,746,000,000","3,102,000,000","2,775,000,000","2,645,000,000","3,697,000,000","2,319,000,000","1,936,000,000","1,847,000,000","2,532,000,000","1,768,000,000","1,458,000,000","1,407,000,000","1,899,000,000","1,248,000,000","1,084,000,000","1,026,000,000","1,620,000,000","1,001,427,000","874,465,000","826,385,000","1,210,641,000","779,849,000","722,508,000","644,522,000","1,004,724,000","631,986,000","576,998,000","563,711,000","818,444,000","521,856,000","542,958,000","491,744,000","827,262,000","499,838,000","474,326,000","416,424,000","664,122,000","261,278,000","188,347,000","149,205,000","160,767,000","71,903,000","57,527,000","39,723,000","36,481,000","15,400,000","10,300,000","5,700,000","2,900,000"
"			Payables","84,981,000,000","72,004,000,000","69,481,000,000","66,907,000,000","79,600,000,000","67,760,000,000","71,219,000,000","68,547,000,000","78,664,000,000","71,474,000,000","66,090,000,000","63,926,000,000","72,539,000,000","58,334,000,000","51,036,000,000","40,056,000,000","47,183,000,000","35,794,000,000","36,063,000,000","31,809,000,000","38,192,000,000","30,904,000,000","27,657,000,000","25,172,000,000","34,616,000,000","26,075,000,000","21,439,000,000","18,891,000,000","25,309,000,000","18,801,000,000","16,123,000,000","14,990,000,000","20,397,000,000","14,437,000,000","12,391,000,000","11,917,000,000","16,459,000,000","11,811,000,000","10,457,000,000","10,590,000,000","15,133,000,000","10,037,000,000","8,990,000,000","8,916,000,000","13,318,000,000","8,369,000,000","7,072,000,000","6,886,000,000","11,145,000,000","6,552,000,000","5,721,000,000","5,540,000,000","8,051,000,000","4,614,000,000","3,545,000,000","3,619,000,000","5,605,000,000","3,354,000,000","2,508,000,000","2,380,000,000","3,594,000,000","2,242,000,000","1,963,000,000","1,864,000,000","2,795,000,000","1,674,000,000","1,295,000,000","1,211,000,000","1,816,000,000","1,196,000,000","943,000,000","920,000,000","1,366,000,000","876,000,000","735,000,000","704,000,000","1,142,000,000","688,297,000","585,124,000","567,563,000","819,811,000","499,189,000","445,098,000","393,696,000","618,128,000","347,519,000","296,368,000","314,616,000","444,748,000","236,992,000","257,976,000","257,411,000","485,383,000","304,709,000","286,239,000","255,797,000","463,026,000","236,711,000","165,983,000","133,018,000","113,273,000","60,046,000","47,556,000","34,374,000","33,027,000","15,400,000","10,300,000","5,700,000","2,900,000"
"				AccountsPayable","84,981,000,000","72,004,000,000","69,481,000,000","66,907,000,000","79,600,000,000","67,760,000,000","71,219,000,000","68,547,000,000","78,664,000,000","71,474,000,000","66,090,000,000","63,926,000,000","72,539,000,000","58,334,000,000","51,036,000,000","40,056,000,000","47,183,000,000","35,794,000,000","36,063,000,000","31,809,000,000","38,192,000,000","30,904,000,000","27,657,000,000","25,172,000,000","34,616,000,000","26,075,000,000","21,439,000,000","18,891,000,000","25,309,000,000","18,801,000,000","16,123,000,000","14,990,000,000","20,397,000,000","14,437,000,000","12,391,000,000","11,917,000,000","16,459,000,000","11,811,000,000","10,457,000,000","10,590,000,000","15,133,000,000","10,037,000,000","8,990,000,000","8,916,000,000","13,318,000,000","8,369,000,000","7,072,000,000","6,886,000,000","11,145,000,000","6,552,000,000","5,721,000,000","5,540,000,000","8,051,000,000","4,614,000,000","3,545,000,000","3,619,000,000","5,605,000,000","3,354,000,000","2,508,000,000","2,380,000,000","3,594,000,000","2,242,000,000","1,963,000,000","1,864,000,000","2,795,000,000","1,674,000,000","1,295,000,000","1,211,000,000","1,816,000,000","1,196,000,000","943,000,000","920,000,000","1,366,000,000","876,000,000","735,000,000","704,000,000","1,142,000,000","688,297,000","585,124,000","567,563,000","819,811,000","499,189,000","445,098,000","393,696,000","618,128,000","347,519,000","296,368,000","314,616,000","444,748,000","236,992,000","257,976,000","257,411,000","485,383,000","304,709,000","286,239,000","255,797,000","463,026,000","236,711,000","165,983,000","133,018,000","113,273,000","60,046,000","47,556,000","34,374,000","33,027,000","15,400,000","10,300,000","5,700,000","2,900,000"
"			CurrentAccruedExpenses","64,709,000,000","58,812,000,000","64,235,000,000","66,382,000,000","62,566,000,000","59,974,000,000","56,254,000,000","58,141,000,000","51,775,000,000","41,546,000,000","41,007,000,000","40,939,000,000","44,138,000,000","34,327,000,000","33,863,000,000","30,791,000,000","32,439,000,000","28,961,000,000","26,140,000,000","24,588,000,000","23,663,000,000","18,420,000,000","17,140,000,000","16,691,000,000","18,170,000,000","15,844,000,000","14,016,000,000","13,054,000,000","13,739,000,000","10,497,000,000","9,613,000,000","9,431,000,000","10,372,000,000","9,157,000,000","8,959,000,000","8,840,000,000","9,807,000,000","7,217,000,000","6,688,000,000","6,251,000,000","6,688,000,000","6,098,000,000","5,745,000,000","5,416,000,000","4,892,000,000","4,236,000,000","3,892,000,000","3,602,000,000","3,751,000,000","2,426,000,000","2,324,000,000","2,190,000,000","2,321,000,000","1,761,000,000","1,705,000,000","1,574,000,000","1,759,000,000","1,183,000,000","1,128,000,000","1,030,000,000","1,152,000,000","860,000,000","812,000,000","781,000,000","902,000,000","645,000,000","641,000,000","636,000,000","716,000,000","572,000,000","515,000,000","487,000,000","533,000,000","372,000,000","349,000,000","322,000,000","478,000,000","313,130,000","289,341,000","258,822,000","390,830,000","280,660,000","277,410,000","250,826,000","386,596,000","284,467,000","280,630,000","249,095,000","373,696,000","284,864,000","284,982,000","234,333,000","341,879,000","195,129,000","188,087,000","160,627,000","201,096,000","24,567,000","22,364,000","16,187,000","47,494,000","11,857,000","9,971,000","5,349,000","3,454,000",,,,
"				InterestPayable",,,,,,,,,,,,,,,,,,,,,,,,,,,,,,,,,,,,,,,,,,,,,,,,,,,,,,,,,,,,,,,,,,,,,,,,,,"32,000,000","32,000,000","13,000,000","74,059,000","43,952,000","39,498,000","14,424,000","73,100,000","44,476,000","45,179,000","16,632,000","71,661,000","42,793,000","44,396,000","16,197,000","68,632,000","41,635,000","43,833,000","16,720,000","69,196,000","35,056,000","41,213,000","15,812,000","24,888,000",,,,"10,000",,,,,,,,
"		CurrentDebtAndCapitalLeaseObligation",,,,,,,,,,,,,,,,,,,,,,,,,,,,,,,,,,,,,,,,,,,,,,,,,,,,,,,,,,,,,"59,000,000","42,000,000","441,000,000","906,000,000","17,000,000",,,,,,,,,"17,000,000","8,000,000","2,000,000","2,000,000","3,452,000","2,402,000","2,473,000","4,216,000","6,058,000","8,143,000","11,078,000","13,319,000","13,134,000","14,406,000","13,958,000","14,992,000","16,054,000","18,337,000","19,305,000","16,577,000","17,213,000","17,731,000","15,983,000","14,322,000","12,776,000","9,873,000","7,186,000","808,000","684,000","684,000","684,000","1,500,000",,,,
"			CurrentDebt",,,,,,,,,,,,,,,,,,,,,,,,,,,,,,,,,,,,,,,,,,,,,,,,,,,,,,,,,,,,,"59,000,000","42,000,000","441,000,000","906,000,000","17,000,000",,,,,,,,,"17,000,000","8,000,000","2,000,000","2,000,000","2,214,000","1,096,000","970,000","2,658,000","3,819,000","4,851,000","5,917,000","5,813,000","13,134,000","14,406,000","13,958,000","5,070,000","16,054,000","18,337,000","19,305,000","4,831,000","17,213,000","17,731,000","15,983,000","4,520,000","12,776,000","9,873,000","7,186,000","808,000","684,000","684,000","684,000","1,500,000",,,,
"				OtherCurrentBorrowings",,,,,,,,,,,,,,,,,,,,,,,,,,,,,,,,,,,,,,,,,,,,,,,,,,,,,,,,,,,,,,,,,,,,,,,,,,,,,"1,152,000","2,214,000","1,096,000","970,000","2,658,000","3,819,000","4,851,000","5,917,000","5,813,000",,,,"5,070,000",,,,"4,831,000",,,,"4,520,000",,,,,,,,,,,,
"			CurrentCapitalLeaseObligation",,,,,,,,,,,,,,,,,,,,,,,,,,,,,,,,,,,,,,,,,,,,,,,,,,,,,,,,,,,,,,,,,,,,,,,,,,,,,"1,229,000","1,238,000","1,306,000","1,503,000","1,558,000","2,239,000","3,292,000","5,161,000","7,506,000",,,,"9,922,000",,,,"11,746,000",,,,"9,802,000",,,,,,,,,,,,
"		CurrentDeferredLiabilities","15,227,000,000","14,398,000,000","14,522,000,000","14,281,000,000","13,227,000,000","12,629,000,000","12,818,000,000","12,820,000,000","11,827,000,000","10,974,000,000","10,695,000,000","10,539,000,000","9,708,000,000","9,251,000,000","8,997,000,000","8,864,000,000","8,190,000,000","7,381,000,000","7,475,000,000","7,298,000,000","6,536,000,000","6,000,000,000","6,004,000,000","6,182,000,000","5,097,000,000","5,153,000,000","5,065,000,000","5,454,000,000","4,768,000,000","4,200,000,000","3,851,000,000","3,766,000,000","3,118,000,000","3,063,000,000","2,562,000,000","2,420,000,000","1,823,000,000","1,814,000,000","1,606,000,000","1,516,000,000","1,159,000,000",,,,"792,000,000",,,,,,,,,,,,,,,,,,,,,,,,,,,,,"48,000,000","52,000,000","45,000,000","41,000,000","46,144,000","39,487,000","37,053,000","37,844,000","40,843,000","38,733,000","42,979,000","47,916,000","65,878,000","69,128,000","79,361,000","87,978,000","90,288,000","86,945,000","93,661,000","131,117,000","142,046,000","115,566,000","134,758,000","54,790,000",,,,0,,,,,,,,
"			CurrentDeferredRevenue","15,227,000,000","14,398,000,000","14,522,000,000","14,281,000,000","13,227,000,000","12,629,000,000","12,818,000,000","12,820,000,000","11,827,000,000","10,974,000,000","10,695,000,000","10,539,000,000","9,708,000,000","9,251,000,000","8,997,000,000","8,864,000,000","8,190,000,000","7,381,000,000","7,475,000,000","7,298,000,000","6,536,000,000","6,000,000,000","6,004,000,000","6,182,000,000","5,097,000,000","5,153,000,000","5,065,000,000","5,454,000,000","4,768,000,000","4,200,000,000","3,851,000,000","3,766,000,000","3,118,000,000","3,063,000,000","2,562,000,000","2,420,000,000","1,823,000,000","1,814,000,000","1,606,000,000","1,516,000,000","1,159,000,000",,,,"792,000,000",,,,,,,,,,,,,,,,,,,,,,,,,,,,,"48,000,000","52,000,000","45,000,000","41,000,000","46,144,000","39,487,000","37,053,000","37,844,000","40,843,000","38,733,000","42,979,000","47,916,000","65,878,000","69,128,000","79,361,000","87,978,000","90,288,000","86,945,000","93,661,000","131,117,000","142,046,000","115,566,000","134,758,000","54,790,000",,,,0,,,,,,,,
"		OtherCurrentLiabilities",,,,,,,,,,,,,,,,,,,,,,,,,,,,,,,,,,,,,,,,,,,,,,,,,,,,,,,,,,,,,,,,,,,,,,,,,,"32,000,000","32,000,000","13,000,000","74,000,000","43,952,000","39,498,000","14,424,000","73,100,000","44,476,000","45,179,000","16,632,000","-1,000","42,793,000",,"16,197,000","68,632,000","131,923,000","130,778,000","110,381,000","200,313,000","177,102,000","156,779,000","150,570,000","255,900,000","83,617,000","79,724,000","45,194,000","47,500,000","26,868,000","13,713,000","8,071,000","6,570,000","4,400,000","7,100,000","3,300,000","2,000,000"
"	TotalNonCurrentLiabilitiesNetMinorityInterest","161,062,000,000","158,696,000,000","160,767,000,000","162,282,000,000","161,239,000,000","150,510,000,000","148,035,000,000","137,258,000,000","140,038,000,000","137,848,000,000","127,724,000,000","104,353,000,000","101,406,000,000","97,492,000,000","90,690,000,000","76,255,000,000","75,376,000,000","70,455,000,000","68,612,000,000","65,997,000,000","50,708,000,000","49,246,000,000","48,304,000,000","46,854,000,000","45,718,000,000","43,537,000,000","24,047,000,000","21,896,000,000","20,301,000,000","19,617,000,000","18,951,000,000","18,185,000,000","17,476,000,000","17,143,000,000","16,760,000,000","16,025,000,000","15,675,000,000","9,241,000,000","8,545,000,000","7,679,000,000","7,433,000,000","6,639,000,000","6,155,000,000","5,613,000,000","5,361,000,000","2,676,000,000","2,553,000,000","2,580,000,000","2,625,000,000","2,310,000,000","2,131,000,000","1,805,000,000","1,561,000,000","1,390,000,000","1,290,000,000","1,231,000,000","1,192,000,000","850,000,000","783,000,000","652,000,000","896,000,000","895,000,000","876,000,000","862,000,000","1,574,000,000","1,538,000,000","1,498,000,000","1,461,000,000","1,400,000,000","1,304,000,000","1,324,000,000","1,259,000,000","1,551,000,000","1,513,000,000","1,521,000,000","1,561,000,000","1,855,000,000","1,778,722,000","1,762,614,000","1,777,700,000","1,945,439,000","2,080,969,000","2,074,306,000","2,296,418,000","2,277,305,000","2,264,846,000","2,218,426,000","2,152,273,000","2,156,133,000","2,172,164,000","2,126,727,000","2,118,856,000","2,127,464,000","2,082,697,000","2,131,531,000","2,136,961,000","1,466,338,000","1,462,203,000","1,449,224,000","1,533,862,000","348,140,000","340,495,000","332,406,000","76,702,000","76,702,000","200,000","100,000","-100,000",
"		LongTermDebtAndCapitalLeaseObligation","135,611,000,000","136,989,000,000","138,914,000,000","141,351,000,000","140,118,000,000","128,251,000,000","124,577,000,000","113,287,000,000","116,395,000,000","113,903,000,000","106,576,000,000","84,935,000,000","84,389,000,000","81,518,000,000","75,926,000,000","63,737,000,000","63,205,000,000","59,530,000,000","58,463,000,000","56,597,000,000","33,145,000,000","24,684,000,000","24,638,000,000","24,640,000,000","37,926,000,000","24,710,000,000","7,683,000,000","7,691,000,000","15,213,000,000","8,205,000,000","8,212,000,000","8,219,000,000","14,175,000,000","8,243,000,000","8,250,000,000","8,257,000,000","12,489,000,000","3,099,000,000","3,119,000,000","3,147,000,000","5,181,000,000","3,043,000,000","3,042,000,000","3,040,000,000","3,830,000,000",,,,"1,415,000,000",,,,"641,000,000","164,000,000","132,000,000","131,000,000","252,000,000","116,000,000","109,000,000","74,000,000","409,000,000","393,000,000","433,000,000","467,000,000","1,344,000,000","1,273,000,000","1,256,000,000","1,251,000,000","1,267,000,000","1,304,000,000","1,324,000,000","1,259,000,000","1,485,000,000","1,513,000,000","1,521,000,000","1,561,000,000","1,855,000,000","1,778,722,000","1,762,614,000","1,777,700,000","1,945,439,000","2,080,969,000","2,074,306,000","2,296,418,000","2,277,305,000","2,264,846,000","2,218,426,000","2,152,273,000","2,156,133,000","2,172,164,000","2,126,727,000","2,118,856,000","2,127,464,000","2,082,697,000","2,131,531,000","2,136,961,000","1,466,338,000","1,462,203,000","1,449,224,000","1,533,862,000","348,140,000","340,495,000","332,406,000","76,702,000","76,702,000","200,000","200,000",,
"			LongTermDebt","58,314,000,000","61,098,000,000","63,092,000,000","67,084,000,000","67,150,000,000","58,919,000,000","58,053,000,000","47,556,000,000","48,744,000,000","50,055,000,000","50,279,000,000","31,868,000,000","31,816,000,000","32,929,000,000","33,128,000,000","23,437,000,000","23,414,000,000","22,472,000,000","23,329,000,000","23,322,000,000","23,495,000,000","24,684,000,000","24,638,000,000","24,640,000,000","24,743,000,000","24,710,000,000","7,683,000,000","7,691,000,000","7,694,000,000","8,205,000,000","8,212,000,000","8,219,000,000","8,227,000,000","8,243,000,000","8,250,000,000","8,257,000,000","8,265,000,000","3,099,000,000","3,119,000,000","3,147,000,000","3,191,000,000","3,043,000,000","3,042,000,000","3,040,000,000","3,084,000,000",,,,"255,000,000",,,,"184,000,000","164,000,000","132,000,000","131,000,000","109,000,000","116,000,000","109,000,000","74,000,000","409,000,000","393,000,000","433,000,000","467,000,000","1,282,000,000","1,273,000,000","1,256,000,000","1,251,000,000","1,247,000,000","1,304,000,000","1,324,000,000","1,259,000,000","1,480,000,000","1,513,000,000","1,521,000,000","1,561,000,000","1,855,000,000","1,778,053,000","1,761,749,000","1,776,593,000","1,944,280,000","2,077,314,000","2,070,371,000","2,290,537,000","2,276,320,000","2,264,846,000","2,218,426,000","2,152,273,000","2,149,640,000","2,172,164,000","2,126,727,000","2,118,856,000","2,102,627,000","2,082,697,000","2,131,531,000","2,136,961,000","1,444,874,000","1,462,203,000","1,449,224,000","1,533,862,000","348,140,000","340,495,000","332,406,000","76,702,000","76,521,000","200,000","200,000",,
"			LongTermCapitalLeaseObligation","77,297,000,000","75,891,000,000","75,822,000,000","74,267,000,000","72,968,000,000","69,332,000,000","66,524,000,000","65,731,000,000","67,651,000,000","63,848,000,000","56,297,000,000","53,067,000,000","52,573,000,000","48,589,000,000","42,798,000,000","40,300,000,000","39,791,000,000","37,058,000,000","35,134,000,000","33,275,000,000","9,650,000,000",,,,"13,183,000,000",,,,"7,519,000,000",,,,"5,948,000,000",,,,"4,224,000,000",,,,"1,990,000,000",,,,"746,000,000",,,,"1,160,000,000",,,,"457,000,000",,,,"143,000,000",,,,"124,000,000",,,,"62,000,000",,,,"20,000,000",,,,"5,000,000",,,,"515,000","669,000","865,000","1,107,000","1,159,000","3,655,000","3,935,000","5,881,000","985,000",,,,"6,493,000",,,,"24,837,000",,,,"21,464,000",,,,"63,000",,,,"181,000",,,,
"		NonCurrentDeferredLiabilities",,,,,,,,,,,,,,,,,,,,,"2,386,000,000",,,,"1,994,000,000",,,,"1,787,000,000",,,,"1,339,000,000",,,,"1,531,000,000",,,,"1,028,000,000",,,,"812,000,000",,,,"266,000,000",,,,"243,000,000",,,,"202,000,000",,,,"268,000,000",,,,"98,000,000",,,,"75,000,000",,,,"20,000,000",,,,,,,,,,,,,,,,,,,,,,,,,,,,,,,,,,,,
"			NonCurrentDeferredTaxesLiabilities",,,,,,,,,,,,,,,,,,,,,"2,386,000,000",,,,"1,994,000,000",,,,"1,787,000,000",,,,"1,339,000,000",,,,"1,531,000,000",,,,"1,028,000,000",,,,"812,000,000",,,,"266,000,000",,,,"243,000,000",,,,"202,000,000",,,,"268,000,000",,,,"98,000,000",,,,"75,000,000",,,,"20,000,000",,,,,,,,,,,,,,,,,,,,,,,,,,,,,,,,,,,,
"		TradeandOtherPayablesNonCurrent",,,,,,,,,,,,,,,,,,,,,,,,,,,,,,,,,,,,,,,,,,,,,,,,,,,,,"243,000,000",,,,"202,000,000",,,,"144,000,000",,,,"98,000,000",,,,"75,000,000",,,,"20,000,000",,,,,,,,,,,,,,,,,,,,,,,,,,,,,,,,,,,,
"		OtherNonCurrentLiabilities","25,451,000,000","21,707,000,000","21,853,000,000","20,931,000,000","21,121,000,000","22,259,000,000","23,458,000,000","23,971,000,000","23,643,000,000","23,945,000,000","21,148,000,000","19,418,000,000","17,017,000,000","15,974,000,000","14,764,000,000","12,518,000,000","12,171,000,000","10,925,000,000","10,149,000,000","9,400,000,000","17,563,000,000","24,562,000,000","23,666,000,000","22,214,000,000","5,798,000,000","18,827,000,000","16,364,000,000","14,205,000,000","3,301,000,000","11,412,000,000","10,739,000,000","9,966,000,000","1,962,000,000","8,900,000,000","8,510,000,000","7,768,000,000","1,655,000,000","6,142,000,000","5,426,000,000","4,532,000,000","1,224,000,000","3,596,000,000","3,113,000,000","2,573,000,000","719,000,000","2,676,000,000","2,553,000,000","2,580,000,000","944,000,000","2,310,000,000","2,131,000,000","1,805,000,000","677,000,000","1,226,000,000","1,158,000,000","1,100,000,000","738,000,000","734,000,000","674,000,000","578,000,000","219,000,000","502,000,000","443,000,000","395,000,000","132,000,000","265,000,000","242,000,000","210,000,000","58,000,000",,,,"46,000,000",,,,,,,,,,,,,,,,,,,,,,,,"100,000",,,,"100,000",,,,"-100,000",,"-100,000",,
TotalEquityGrossMinorityInterest,"201,875,000,000","182,973,000,000","168,602,000,000","154,526,000,000","146,043,000,000","137,489,000,000","131,402,000,000","134,001,000,000","138,245,000,000","120,564,000,000","114,803,000,000","103,320,000,000","93,404,000,000","82,775,000,000","73,728,000,000","65,272,000,000","62,060,000,000","56,508,000,000","53,061,000,000","48,410,000,000","43,549,000,000","39,125,000,000","34,995,000,000","31,463,000,000","27,709,000,000","24,658,000,000","23,214,000,000","21,674,000,000","19,285,000,000","17,782,000,000","16,538,000,000","14,756,000,000","13,384,000,000","12,430,000,000","11,768,000,000","10,873,000,000","10,741,000,000","10,336,000,000","10,602,000,000","10,328,000,000","9,746,000,000","9,087,000,000","8,733,000,000","8,432,000,000","8,192,000,000","7,553,000,000","7,505,000,000","7,271,000,000","7,757,000,000","7,766,000,000","7,765,000,000","7,347,000,000","6,864,000,000","6,397,000,000","5,857,000,000","5,618,000,000","5,257,000,000","3,585,000,000","3,256,000,000","2,918,000,000","2,672,000,000","2,527,000,000","2,230,000,000","1,470,000,000","1,197,000,000","761,000,000","550,000,000","353,000,000","431,000,000","196,000,000","383,000,000","324,000,000","246,000,000","6,000,000","-64,000,000","-162,000,000","-227,000,000","-721,077,000","-790,858,000","-905,050,000","-1,036,107,000","-1,158,034,000","-1,246,836,000","-1,289,064,000","-1,352,814,000","-1,478,439,000","-1,443,911,000","-1,447,375,000","-1,440,000,000","-1,453,994,000","-1,429,931,000","-1,253,411,000","-967,251,000","-487,167,000","-278,424,000","25,617,000","266,278,000","419,925,000","571,046,000","77,537,000","138,745,000","179,764,000","39,429,000","19,827,000","28,591,000","37,400,000","45,600,000","2,800,000","3,400,000"
"	StockholdersEquity","201,875,000,000","182,973,000,000","168,602,000,000","154,526,000,000","146,043,000,000","137,489,000,000","131,402,000,000","134,001,000,000","138,245,000,000","120,564,000,000","114,803,000,000","103,320,000,000","93,404,000,000","82,775,000,000","73,728,000,000","65,272,000,000","62,060,000,000","56,508,000,000","53,061,000,000","48,410,000,000","43,549,000,000","39,125,000,000","34,995,000,000","31,463,000,000","27,709,000,000","24,658,000,000","23,214,000,000","21,674,000,000","19,285,000,000","17,782,000,000","16,538,000,000","14,756,000,000","13,384,000,000","12,430,000,000","11,768,000,000","10,873,000,000","10,741,000,000","10,336,000,000","10,602,000,000","10,328,000,000","9,746,000,000","9,087,000,000","8,733,000,000","8,432,000,000","8,192,000,000","7,553,000,000","7,505,000,000","7,271,000,000","7,757,000,000","7,766,000,000","7,765,000,000","7,347,000,000","6,864,000,000","6,397,000,000","5,857,000,000","5,618,000,000","5,257,000,000","3,585,000,000","3,256,000,000","2,918,000,000","2,672,000,000","2,527,000,000","2,230,000,000","1,470,000,000","1,197,000,000","761,000,000","550,000,000","353,000,000","431,000,000","196,000,000","383,000,000","324,000,000","246,000,000","6,000,000","-64,000,000","-162,000,000","-227,000,000","-721,077,000","-790,858,000","-905,050,000","-1,036,107,000","-1,158,034,000","-1,246,836,000","-1,289,064,000","-1,352,814,000","-1,478,439,000","-1,443,911,000","-1,447,375,000","-1,440,000,000","-1,453,994,000","-1,429,931,000","-1,253,411,000","-967,251,000","-487,167,000","-278,424,000","25,617,000","266,278,000","419,925,000","571,046,000","77,537,000","138,745,000","179,764,000","39,429,000","19,827,000","28,591,000","37,400,000","45,600,000","2,800,000","3,400,000"
"		CapitalStock","109,000,000","108,000,000","108,000,000","108,000,000","108,000,000","107,000,000","107,000,000","5,000,000","106,000,000","5,000,000","5,000,000","5,000,000","5,000,000","5,000,000","5,000,000","5,000,000","5,000,000","5,000,000","5,000,000","5,000,000","5,000,000","5,000,000","5,000,000","5,000,000","5,000,000","5,000,000","5,000,000","5,000,000","5,000,000","5,000,000","5,000,000","5,000,000","5,000,000","5,000,000","5,000,000","5,000,000","5,000,000","5,000,000","5,000,000","5,000,000","5,000,000","5,000,000","5,000,000","5,000,000","5,000,000","5,000,000","5,000,000","5,000,000","5,000,000","5,000,000","5,000,000","5,000,000","5,000,000","5,000,000","5,000,000","5,000,000","5,000,000","4,000,000","4,000,000","4,000,000","4,000,000","4,000,000","4,000,000","4,000,000","4,000,000","4,000,000","4,000,000","4,000,000","4,000,000","4,000,000","4,000,000","4,000,000","4,000,000","4,000,000","4,000,000","4,000,000","4,000,000","4,075,000","4,067,000","4,049,000","4,034,000","4,004,000","3,967,000","3,916,000","3,879,000","3,812,000","3,803,000","3,751,000","3,732,000","3,718,000","3,622,000","3,588,000","3,571,000","3,561,000","3,554,000","3,500,000","3,452,000","3,393,000","1,682,000","1,614,000","3,186,000","527,000","497,000","483,000","1,449,000",,,,
"			PreferredStock",0,0,0,0,0,0,0,0,0,0,0,0,0,0,0,0,0,0,0,0,0,0,0,0,0,0,0,0,0,0,0,0,0,0,0,0,0,0,0,0,0,0,0,0,0,0,0,0,0,0,0,0,0,0,0,,0,0,0,0,0,0,0,0,0,0,0,0,0,0,0,0,0,0,0,0,0,0,0,0,0,0,0,0,0,0,0,0,0,0,0,0,0,0,0,0,0,,,,0,,,,0,,,,
"			CommonStock","109,000,000","108,000,000","108,000,000","108,000,000","108,000,000","107,000,000","107,000,000","5,000,000","106,000,000","5,000,000","5,000,000","5,000,000","5,000,000","5,000,000","5,000,000","5,000,000","5,000,000","5,000,000","5,000,000","5,000,000","5,000,000","5,000,000","5,000,000","5,000,000","5,000,000","5,000,000","5,000,000","5,000,000","5,000,000","5,000,000","5,000,000","5,000,000","5,000,000","5,000,000","5,000,000","5,000,000","5,000,000","5,000,000","5,000,000","5,000,000","5,000,000","5,000,000","5,000,000","5,000,000","5,000,000","5,000,000","5,000,000","5,000,000","5,000,000","5,000,000","5,000,000","5,000,000","5,000,000","5,000,000","5,000,000","5,000,000","5,000,000","4,000,000","4,000,000","4,000,000","4,000,000","4,000,000","4,000,000","4,000,000","4,000,000","4,000,000","4,000,000","4,000,000","4,000,000","4,000,000","4,000,000","4,000,000","4,000,000","4,000,000","4,000,000","4,000,000","4,000,000","4,075,000","4,067,000","4,049,000","4,034,000","4,004,000","3,967,000","3,916,000","3,879,000","3,812,000","3,803,000","3,751,000","3,732,000","3,718,000","3,622,000","3,588,000","3,571,000","3,561,000","3,554,000","3,500,000","3,452,000","3,393,000","1,682,000","1,614,000","3,186,000","527,000","497,000","483,000","1,449,000",,,,
"		AdditionalPaidInCapital","99,025,000,000","92,711,000,000","86,896,000,000","79,863,000,000","75,066,000,000","69,419,000,000","63,871,000,000","58,793,000,000","55,437,000,000","51,879,000,000","48,724,000,000","45,160,000,000","42,865,000,000","40,307,000,000","38,017,000,000","35,412,000,000","33,658,000,000","31,817,000,000","30,035,000,000","28,059,000,000","26,791,000,000","25,375,000,000","24,028,000,000","22,563,000,000","21,389,000,000","20,212,000,000","19,129,000,000","17,976,000,000","17,186,000,000","15,968,000,000","15,026,000,000","14,144,000,000","13,394,000,000","12,874,000,000","12,233,000,000","11,565,000,000","11,135,000,000","10,827,000,000","10,405,000,000","10,019,000,000","9,573,000,000","9,175,000,000","8,893,000,000","8,585,000,000","8,347,000,000","7,863,000,000","7,573,000,000","7,192,000,000","6,990,000,000","6,824,000,000","6,675,000,000","6,483,000,000","6,325,000,000","6,215,000,000","6,056,000,000","5,887,000,000","5,736,000,000","4,428,000,000","4,321,000,000","4,210,000,000","4,121,000,000","4,051,000,000","3,794,000,000","3,191,000,000","3,063,000,000","2,827,000,000","2,704,000,000","2,586,000,000","2,517,000,000","2,377,000,000","2,334,000,000","2,287,000,000","2,263,000,000","2,215,000,000","2,161,000,000","2,118,000,000","2,123,000,000","1,981,659,000","1,964,342,000","1,923,103,000","1,899,398,000","1,852,308,000","1,790,835,000","1,714,616,000","1,649,946,000","1,550,118,000","1,546,941,000","1,480,935,000","1,462,769,000","1,455,693,000","1,356,216,000","1,344,083,000","1,338,303,000","1,342,574,000","1,335,733,000","1,293,761,000","1,194,369,000","1,027,655,000","979,424,000","306,414,000","298,537,000","298,322,000","104,368,000","63,711,000","66,586,000",,,,
"		RetainedEarnings","113,618,000,000","102,994,000,000","93,115,000,000","86,365,000,000","83,193,000,000","82,915,000,000","80,043,000,000","82,071,000,000","85,915,000,000","71,592,000,000","68,436,000,000","60,658,000,000","52,551,000,000","45,329,000,000","38,998,000,000","33,755,000,000","31,220,000,000","27,952,000,000","25,818,000,000","23,193,000,000","19,625,000,000","16,616,000,000","13,733,000,000","11,199,000,000","8,636,000,000","6,779,000,000","6,524,000,000","6,327,000,000","4,916,000,000","4,167,000,000","3,915,000,000","3,058,000,000","2,545,000,000","2,063,000,000","1,984,000,000","1,892,000,000","1,949,000,000","1,735,000,000","2,172,000,000","2,298,000,000","2,190,000,000","1,950,000,000","1,991,000,000","1,998,000,000","1,916,000,000","1,818,000,000","2,092,000,000","2,085,000,000","1,955,000,000","1,778,000,000","1,715,000,000","1,525,000,000","1,324,000,000","908,000,000","678,000,000","471,000,000","172,000,000","-212,000,000","-411,000,000","-553,000,000","-730,000,000","-955,000,000","-1,074,000,000","-1,232,000,000","-1,375,000,000","-1,581,000,000","-1,661,000,000","-1,740,000,000","-1,837,000,000","-1,934,000,000","-1,953,000,000","-1,976,000,000","-2,027,000,000","-2,226,000,000","-2,256,000,000","-2,308,000,000","-2,386,000,000","-2,732,665,000","-2,786,812,000","-2,863,292,000","-2,974,428,000","-3,047,582,000","-3,063,145,000","-3,019,831,000","-3,009,710,000","-3,012,361,000","-2,977,281,000","-2,883,728,000","-2,860,578,000","-2,865,665,000","-2,695,791,000","-2,527,432,000","-2,293,301,000","-1,748,161,000","-1,507,637,000","-1,190,453,000","-882,028,000","-558,815,000","-361,735,000","-223,727,000","-162,060,000","-115,633,000","-64,100,000","-42,874,000","-37,514,000","-24,300,000","-15,800,000","-9,100,000","-6,000,000"
"		TreasuryStock","7,837,000,000","7,837,000,000","7,837,000,000","7,837,000,000","7,837,000,000","7,837,000,000","7,837,000,000","4,503,000,000","1,837,000,000","1,837,000,000","1,837,000,000","1,837,000,000","1,837,000,000","1,837,000,000","1,837,000,000","1,837,000,000","1,837,000,000","1,837,000,000","1,837,000,000","1,837,000,000","1,837,000,000","1,837,000,000","1,837,000,000","1,837,000,000","1,837,000,000","1,837,000,000","1,837,000,000","1,837,000,000","1,837,000,000","1,837,000,000","1,837,000,000","1,837,000,000","1,837,000,000","1,837,000,000","1,837,000,000","1,837,000,000","1,837,000,000","1,837,000,000","1,837,000,000","1,837,000,000","1,837,000,000","1,837,000,000","1,837,000,000","1,837,000,000","1,837,000,000","1,837,000,000","1,837,000,000","1,837,000,000","877,000,000","600,000,000","600,000,000","600,000,000","600,000,000","600,000,000","600,000,000","600,000,000","600,000,000","600,000,000","600,000,000","600,000,000","600,000,000","500,000,000","500,000,000","500,000,000","500,000,000","500,000,000","500,000,000","500,000,000","252,000,000","252,000,000",,,0,,,,,,,,,,,,,,,,,,,,,,,,,,,,,,,,,,,,
"		GainsLossesNotAffectingRetainedEarnings","-3,040,000,000","-5,003,000,000","-3,680,000,000","-3,973,000,000","-4,487,000,000","-7,115,000,000","-4,782,000,000","-2,365,000,000","-1,376,000,000","-1,075,000,000","-525,000,000","-666,000,000","-180,000,000","-1,029,000,000","-1,455,000,000","-2,063,000,000","-986,000,000","-1,429,000,000","-960,000,000","-1,010,000,000","-1,035,000,000","-1,034,000,000","-934,000,000","-467,000,000","-484,000,000","-501,000,000","-607,000,000","-797,000,000","-985,000,000","-521,000,000","-571,000,000","-614,000,000","-723,000,000","-675,000,000","-617,000,000","-752,000,000","-511,000,000","-394,000,000","-143,000,000","-157,000,000","-185,000,000","-206,000,000","-319,000,000","-319,000,000","-239,000,000","-296,000,000","-328,000,000","-174,000,000","-316,000,000","-241,000,000","-30,000,000","-66,000,000","-190,000,000","-131,000,000","-282,000,000","-145,000,000","-56,000,000","-35,000,000","-58,000,000","-143,000,000","-123,000,000","-73,000,000","6,000,000","7,000,000","5,000,000","11,000,000","3,000,000","3,000,000","-1,000,000","1,000,000","-2,000,000","9,000,000","6,000,000","13,000,000","27,000,000","24,000,000","32,000,000","28,383,000","29,417,000","33,363,000","37,739,000","36,761,000","25,708,000","17,655,000","9,662,000","-12,233,000","-7,596,000","-38,623,000","-36,070,000","-36,434,000","-83,846,000","-63,118,000","-2,376,000","-65,637,000","-84,664,000","-46,302,000","-1,709,000","-52,308,000","-48,325,000","-6,764,000","1,806,000","-3,452,000","-1,336,000","-1,493,000",0,,,,
"			OtherEquityAdjustments","-3,040,000,000","-5,003,000,000","-3,680,000,000","-3,973,000,000","-4,487,000,000","-7,115,000,000","-4,782,000,000","-2,365,000,000","-1,376,000,000","-1,075,000,000","-525,000,000","-666,000,000","-180,000,000","-1,029,000,000","-1,455,000,000","-2,063,000,000","-986,000,000","-1,429,000,000","-960,000,000","-1,010,000,000","-1,035,000,000","-1,034,000,000","-934,000,000","-467,000,000","-484,000,000","-501,000,000","-607,000,000","-797,000,000","-985,000,000","-521,000,000","-571,000,000","-614,000,000","-723,000,000","-675,000,000","-617,000,000","-752,000,000","-511,000,000","-394,000,000","-143,000,000","-157,000,000","-185,000,000","-206,000,000","-319,000,000","-319,000,000","-239,000,000","-296,000,000","-328,000,000","-174,000,000","-316,000,000","-241,000,000","-30,000,000","-66,000,000","-190,000,000","-131,000,000","-282,000,000","-145,000,000","-56,000,000","-35,000,000","-58,000,000","-143,000,000","-123,000,000","-73,000,000","6,000,000","7,000,000","5,000,000","11,000,000","3,000,000","3,000,000","-1,000,000","1,000,000","-2,000,000","9,000,000","6,000,000","13,000,000","27,000,000","24,000,000","32,000,000","28,383,000","29,417,000","33,363,000","37,739,000","36,761,000","25,708,000","17,655,000","9,662,000","-12,233,000","-7,596,000","-38,623,000","-36,070,000","-36,434,000","-83,846,000","-63,118,000","-2,376,000","-65,637,000","-84,664,000","-46,302,000","-1,709,000",,,,"1,806,000",,,,,,,,
"		OtherEquityInterest",,,,,,,,,,,,,,,,,,,,,,,,,,,,,,,,,,,,,,,,,,,,,,,,,,,,,,,,,,,,,,,,,,,,,,,,,,,,,"-2,038,000","-2,529,000","-1,872,000","-2,273,000","-2,850,000","-3,525,000","-4,201,000","-5,420,000","-6,591,000","-7,775,000","-9,778,000","-9,710,000","-9,853,000","-11,306,000","-10,132,000","-10,532,000","-13,448,000","-19,504,000","-25,410,000","-34,889,000","-47,806,000",,,,"-2,724,000",,,,"-1,930,000","61,700,000","61,400,000","11,900,000","9,400,000"
TotalCapitalization,"260,189,000,000","244,071,000,000","231,694,000,000","221,610,000,000","213,193,000,000","196,408,000,000","189,455,000,000","181,557,000,000","186,989,000,000","170,619,000,000","165,082,000,000","135,188,000,000","125,220,000,000","115,704,000,000","106,856,000,000","88,709,000,000","85,474,000,000","78,980,000,000","76,390,000,000","71,732,000,000","67,044,000,000","63,809,000,000","59,633,000,000","56,103,000,000","52,452,000,000","49,368,000,000","30,897,000,000","29,365,000,000","26,979,000,000","25,987,000,000","24,750,000,000","22,975,000,000","21,611,000,000","20,673,000,000","20,018,000,000","19,130,000,000","19,006,000,000","13,435,000,000","13,721,000,000","13,475,000,000","12,937,000,000","12,130,000,000","11,775,000,000","11,472,000,000","11,276,000,000","7,553,000,000","7,505,000,000","7,271,000,000","8,012,000,000","7,766,000,000","7,765,000,000","7,347,000,000","7,048,000,000","6,561,000,000","5,989,000,000","5,749,000,000","5,366,000,000","3,701,000,000","3,365,000,000","2,992,000,000","3,081,000,000","2,920,000,000","2,663,000,000","1,937,000,000","2,479,000,000","2,034,000,000","1,806,000,000","1,604,000,000","1,678,000,000","1,500,000,000","1,707,000,000","1,583,000,000","1,726,000,000","1,519,000,000","1,457,000,000","1,399,000,000","1,628,000,000","1,056,976,000","970,891,000","871,543,000","908,173,000","919,280,000","823,535,000","1,001,473,000","923,506,000","786,407,000","774,515,000","704,898,000","709,640,000","718,170,000","696,796,000","865,445,000","1,135,376,000","1,595,530,000","1,853,107,000","2,162,578,000","1,711,152,000","1,882,128,000","2,020,270,000","1,611,399,000","486,885,000","520,259,000","371,835,000","96,529,000","105,112,000","37,600,000","45,800,000","2,800,000","3,400,000"
CommonStockEquity,"201,875,000,000","182,973,000,000","168,602,000,000","154,526,000,000","146,043,000,000","137,489,000,000","131,402,000,000","134,001,000,000","138,245,000,000","120,564,000,000","114,803,000,000","103,320,000,000","93,404,000,000","82,775,000,000","73,728,000,000","65,272,000,000","62,060,000,000","56,508,000,000","53,061,000,000","48,410,000,000","43,549,000,000","39,125,000,000","34,995,000,000","31,463,000,000","27,709,000,000","24,658,000,000","23,214,000,000","21,674,000,000","19,285,000,000","17,782,000,000","16,538,000,000","14,756,000,000","13,384,000,000","12,430,000,000","11,768,000,000","10,873,000,000","10,741,000,000","10,336,000,000","10,602,000,000","10,328,000,000","9,746,000,000","9,087,000,000","8,733,000,000","8,432,000,000","8,192,000,000","7,553,000,000","7,505,000,000","7,271,000,000","7,757,000,000","7,766,000,000","7,765,000,000","7,347,000,000","6,864,000,000","6,397,000,000","5,857,000,000","5,618,000,000","5,257,000,000","3,585,000,000","3,256,000,000","2,918,000,000","2,672,000,000","2,527,000,000","2,230,000,000","1,470,000,000","1,197,000,000","761,000,000","550,000,000","353,000,000","431,000,000","196,000,000","383,000,000","324,000,000","246,000,000","6,000,000","-64,000,000","-162,000,000","-227,000,000","-721,077,000","-790,858,000","-905,050,000","-1,036,107,000","-1,158,034,000","-1,246,836,000","-1,289,064,000","-1,352,814,000","-1,478,439,000","-1,443,911,000","-1,447,375,000","-1,440,000,000","-1,453,994,000","-1,429,931,000","-1,253,411,000","-967,251,000","-487,167,000","-278,424,000","25,617,000","266,278,000","419,925,000","571,046,000","77,537,000","138,745,000","179,764,000","39,429,000","19,827,000","28,591,000","37,400,000","45,600,000","2,800,000","3,400,000"
CapitalLeaseObligations,"77,297,000,000","75,891,000,000","75,822,000,000","74,267,000,000","72,968,000,000","69,332,000,000","66,524,000,000","65,731,000,000","67,651,000,000","63,848,000,000","56,297,000,000","53,067,000,000","52,573,000,000","48,589,000,000","42,798,000,000","40,300,000,000","39,791,000,000","37,058,000,000","35,134,000,000","33,275,000,000","9,650,000,000",,,,"13,183,000,000",,,,"7,519,000,000",,,,"5,948,000,000",,,,"4,224,000,000",,,,"1,990,000,000",,,,"746,000,000",,,,"1,160,000,000",,,,"457,000,000",,,,"143,000,000",,,,"124,000,000",,,,"62,000,000",,,,"20,000,000",,,,"5,000,000",,,,"1,744,000","1,907,000","2,171,000","2,610,000","2,717,000","5,894,000","7,227,000","11,042,000","8,491,000",,,,"16,415,000",,,,"36,583,000",,,,"31,266,000",,,,"63,000",,,,"181,000",,,,
NetTangibleAssets,"171,399,000,000","160,224,000,000","145,817,000,000","131,777,000,000","119,658,000,000","117,321,000,000","111,207,000,000","113,772,000,000","117,767,000,000","105,219,000,000","99,453,000,000","88,100,000,000","73,406,000,000","67,815,000,000","58,977,000,000","50,533,000,000","43,257,000,000","41,774,000,000","38,334,000,000","33,702,000,000","24,891,000,000","24,572,000,000","21,051,000,000","18,075,000,000","10,988,000,000","11,387,000,000","18,960,000,000","17,851,000,000","14,647,000,000","13,967,000,000","12,764,000,000","10,971,000,000","8,633,000,000","8,901,000,000","8,245,000,000","7,382,000,000","6,658,000,000","7,004,000,000","7,925,000,000","7,675,000,000","6,446,000,000","6,452,000,000","6,119,000,000","5,897,000,000","4,915,000,000","5,013,000,000","4,984,000,000","5,301,000,000","5,155,000,000","5,832,000,000","5,856,000,000","5,834,000,000","4,952,000,000","5,120,000,000","4,628,000,000","4,384,000,000","3,456,000,000","3,128,000,000","2,805,000,000","2,485,000,000","2,234,000,000","2,122,000,000","1,830,000,000","1,078,000,000","975,000,000","543,000,000","336,000,000","157,000,000","236,000,000","2,000,000","190,000,000","131,000,000","87,000,000","-153,000,000","-218,000,000","-311,000,000","-366,000,000","-858,661,000","-859,979,000","-974,171,000","-1,105,228,000","-1,227,814,000","-1,319,282,000","-1,362,423,000","-1,427,085,000","-1,553,623,000","-1,520,307,000","-1,525,145,000","-1,519,749,000","-1,565,055,000","-1,582,826,000","-1,457,831,000","-1,222,576,000","-1,007,637,000","-875,202,000","-621,575,000","-463,866,000","-286,007,000","-170,819,000","-109,657,000","-39,893,000","-33,300,000","-12,969,000","19,827,000","28,591,000","37,400,000","45,600,000","2,800,000","3,400,000"
WorkingCapital,"7,434,000,000","-2,219,000,000","-7,756,000,000","-11,349,000,000","-8,602,000,000","-8,900,000,000","-6,624,000,000","-5,632,000,000","19,314,000,000","14,537,000,000","23,056,000,000","6,004,000,000","6,348,000,000","11,057,000,000","17,012,000,000","6,274,000,000","8,522,000,000","6,918,000,000","7,112,000,000","5,736,000,000","6,710,000,000","4,561,000,000","3,680,000,000","2,784,000,000","2,314,000,000","1,506,000,000","487,000,000","2,061,000,000","1,965,000,000","2,111,000,000","2,633,000,000","2,326,000,000","1,818,000,000","2,192,000,000","2,479,000,000","2,745,000,000","3,238,000,000","-2,270,000,000","4,000,000","970,000,000","1,645,000,000","1,199,000,000","1,550,000,000","1,981,000,000","2,294,000,000","513,000,000","829,000,000","1,666,000,000","2,594,000,000","2,926,000,000","3,234,000,000","3,558,000,000","3,375,000,000","3,184,000,000","2,868,000,000","2,771,000,000","2,433,000,000","1,832,000,000","1,668,000,000","1,365,000,000","1,411,000,000","1,286,000,000","1,020,000,000","414,000,000","1,450,000,000","1,105,000,000","923,000,000","753,000,000","841,000,000","547,000,000","773,000,000","779,000,000","1,030,000,000","808,000,000","782,000,000","720,000,000","919,000,000","641,761,000","644,838,000","539,663,000","568,108,000","583,450,000","481,870,000","645,917,000","549,718,000","408,609,000","383,045,000","297,243,000","286,506,000","242,078,000","161,117,000","251,000,000","386,173,000","503,988,000","559,017,000","703,784,000","273,243,000","722,397,000","979,014,000","1,323,693,000","262,679,000","275,202,000","297,517,000","84,415,000","93,158,000","32,900,000","41,800,000",0,"2,200,000"
InvestedCapital,"260,189,000,000","244,071,000,000","231,694,000,000","221,610,000,000","213,193,000,000","196,408,000,000","189,455,000,000","181,557,000,000","186,989,000,000","170,619,000,000","165,082,000,000","135,188,000,000","125,220,000,000","115,704,000,000","106,856,000,000","88,709,000,000","85,474,000,000","78,980,000,000","76,390,000,000","71,732,000,000","67,044,000,000","63,809,000,000","59,633,000,000","56,103,000,000","52,452,000,000","49,368,000,000","30,897,000,000","29,365,000,000","26,979,000,000","25,987,000,000","24,750,000,000","22,975,000,000","21,611,000,000","20,673,000,000","20,018,000,000","19,130,000,000","19,006,000,000","13,435,000,000","13,721,000,000","13,475,000,000","12,937,000,000","12,130,000,000","11,775,000,000","11,472,000,000","11,276,000,000","7,553,000,000","7,505,000,000","7,271,000,000","8,012,000,000","7,766,000,000","7,765,000,000","7,347,000,000","7,048,000,000","6,561,000,000","5,989,000,000","5,749,000,000","5,366,000,000","3,701,000,000","3,365,000,000","2,992,000,000","3,081,000,000","2,962,000,000","3,104,000,000","2,843,000,000","2,496,000,000","2,034,000,000","1,806,000,000","1,604,000,000","1,678,000,000","1,500,000,000","1,707,000,000","1,583,000,000","1,726,000,000","1,536,000,000","1,465,000,000","1,401,000,000","1,628,000,000","1,059,190,000","971,987,000","872,513,000","910,831,000","923,099,000","828,386,000","1,007,390,000","929,319,000","799,541,000","788,921,000","718,856,000","714,710,000","734,224,000","715,133,000","884,750,000","1,140,207,000","1,612,743,000","1,870,838,000","2,178,561,000","1,715,672,000","1,894,904,000","2,030,143,000","1,618,585,000","487,693,000","520,943,000","372,519,000","97,213,000","106,612,000","37,600,000","45,800,000","2,800,000","3,400,000"
TangibleBookValue,"171,399,000,000","160,224,000,000","145,817,000,000","131,777,000,000","119,658,000,000","117,321,000,000","111,207,000,000","113,772,000,000","117,767,000,000","105,219,000,000","99,453,000,000","88,100,000,000","73,406,000,000","67,815,000,000","58,977,000,000","50,533,000,000","43,257,000,000","41,774,000,000","38,334,000,000","33,702,000,000","24,891,000,000","24,572,000,000","21,051,000,000","18,075,000,000","10,988,000,000","11,387,000,000","18,960,000,000","17,851,000,000","14,647,000,000","13,967,000,000","12,764,000,000","10,971,000,000","8,633,000,000","8,901,000,000","8,245,000,000","7,382,000,000","6,658,000,000","7,004,000,000","7,925,000,000","7,675,000,000","6,446,000,000","6,452,000,000","6,119,000,000","5,897,000,000","4,915,000,000","5,013,000,000","4,984,000,000","5,301,000,000","5,155,000,000","5,832,000,000","5,856,000,000","5,834,000,000","4,952,000,000","5,120,000,000","4,628,000,000","4,384,000,000","3,456,000,000","3,128,000,000","2,805,000,000","2,485,000,000","2,234,000,000","2,122,000,000","1,830,000,000","1,078,000,000","975,000,000","543,000,000","336,000,000","157,000,000","236,000,000","2,000,000","190,000,000","131,000,000","87,000,000","-153,000,000","-218,000,000","-311,000,000","-366,000,000","-858,661,000","-859,979,000","-974,171,000","-1,105,228,000","-1,227,814,000","-1,319,282,000","-1,362,423,000","-1,427,085,000","-1,553,623,000","-1,520,307,000","-1,525,145,000","-1,519,749,000","-1,565,055,000","-1,582,826,000","-1,457,831,000","-1,222,576,000","-1,007,637,000","-875,202,000","-621,575,000","-463,866,000","-286,007,000","-170,819,000","-109,657,000","-39,893,000","-33,300,000","-12,969,000","19,827,000","28,591,000","37,400,000","45,600,000","2,800,000","3,400,000"
TotalDebt,"135,611,000,000","136,989,000,000","138,914,000,000","141,351,000,000","140,118,000,000","128,251,000,000","124,577,000,000","113,287,000,000","116,395,000,000","113,903,000,000","106,576,000,000","84,935,000,000","84,389,000,000","81,518,000,000","75,926,000,000","63,737,000,000","63,205,000,000","59,530,000,000","58,463,000,000","56,597,000,000","33,145,000,000","24,684,000,000","24,638,000,000","24,640,000,000","37,926,000,000","24,710,000,000","7,683,000,000","7,691,000,000","15,213,000,000","8,205,000,000","8,212,000,000","8,219,000,000","14,175,000,000","8,243,000,000","8,250,000,000","8,257,000,000","12,489,000,000","3,099,000,000","3,119,000,000","3,147,000,000","5,181,000,000","3,043,000,000","3,042,000,000","3,040,000,000","3,830,000,000",,,,"1,415,000,000",,,,"641,000,000","164,000,000","132,000,000","131,000,000","252,000,000","116,000,000","109,000,000","74,000,000","409,000,000","435,000,000","874,000,000","1,373,000,000","1,361,000,000","1,273,000,000","1,256,000,000","1,251,000,000","1,267,000,000","1,304,000,000","1,324,000,000","1,259,000,000","1,485,000,000","1,530,000,000","1,529,000,000","1,563,000,000","1,855,000,000","1,782,174,000","1,765,016,000","1,780,173,000","1,949,655,000","2,087,027,000","2,082,449,000","2,307,496,000","2,290,624,000","2,277,980,000","2,232,832,000","2,166,231,000","2,171,125,000","2,188,218,000","2,145,064,000","2,138,161,000","2,144,041,000","2,099,910,000","2,149,262,000","2,152,944,000","1,480,660,000","1,474,979,000","1,459,097,000","1,541,048,000","348,948,000","341,179,000","333,090,000","77,386,000","78,202,000","200,000","200,000",,
NetDebt,,"11,493,000,000","13,563,000,000","17,741,000,000","13,262,000,000","23,972,000,000","20,575,000,000","11,163,000,000","12,524,000,000","20,111,000,000","9,899,000,000",,,"2,999,000,000",,,,,"713,000,000","207,000,000",,"4,259,000,000","4,815,000,000","7,964,000,000","4,221,000,000","11,943,000,000",,,,,,,,,,,,,,,,,,,,,,,,,,,,,,,,,,,,,,,,,"252,000,000","503,000,000","225,000,000","611,000,000","641,000,000","752,000,000","467,000,000","930,000,000","900,000,000","1,030,000,000","552,000,000","1,034,659,000","1,061,695,000","1,008,976,000","844,665,000","1,414,715,000","1,433,494,000","1,800,681,000","1,543,879,000","1,950,416,000","1,962,394,000","1,869,542,000","1,614,428,000","1,755,911,000","1,682,115,000","1,691,217,000","1,285,023,000","1,452,862,000","1,428,885,000","2,068,857,000","1,316,085,000","1,431,830,000","1,416,558,000","1,535,800,000","323,387,000","326,323,000","330,567,000",,"76,145,000",,,,
ShareIssued,"10,898,000,000","10,845,000,000","10,828,000,000","10,773,000,000","10,757,000,000","10,714,000,000","10,699,000,000","10,660,000,000","10,640,000,000","10,620,000,000","10,600,000,000","10,551,959,680","10,540,000,000","10,500,000,000","10,480,000,000","10,440,000,000","10,420,000,000","10,380,000,000","10,360,000,000","10,320,000,000","10,280,000,000","10,240,000,000","10,220,000,000","10,160,000,000","10,140,000,000","10,100,000,000","10,080,000,000","10,020,000,000","10,000,000,000","9,960,000,000","9,940,000,000","9,900,000,000","9,880,000,000","9,840,000,000","9,820,000,000","9,780,000,000","9,760,000,000","9,740,000,000","9,720,000,000","9,680,000,000","9,660,000,000","9,620,000,000","9,600,000,000","9,580,000,000","9,560,000,000","9,520,000,000","9,520,000,000","9,480,000,000","9,460,000,000","9,420,000,000","9,420,000,000","9,380,000,000","9,360,000,000","9,320,000,000","9,280,000,000","9,240,000,000","9,220,000,000","8,980,000,000","8,960,000,000","8,620,000,000","8,620,000,000","8,620,000,000","8,520,000,000","8,340,000,000","8,320,000,000","8,303,547,620","8,267,977,420","8,193,965,560","8,280,000,000","8,220,000,000","8,380,000,000","8,340,000,000","8,320,000,000","8,280,000,000","8,240,000,000","8,220,000,000","8,194,220,000","8,149,280,000","8,134,220,000","8,097,880,000","8,067,080,000","8,008,440,000","7,934,600,000","7,832,180,000","7,758,120,000","7,624,320,000","7,606,080,000","7,502,180,000","7,464,360,000","7,435,320,000","7,243,820,000","7,176,940,000","7,142,800,000","7,122,040,000","7,108,000,000","6,999,180,000","6,903,100,000","6,784,700,000","6,726,120,000","6,454,840,000","6,370,680,000","6,333,440,040","5,966,360,040","5,804,920,080","5,750,640,000","5,731,880,000","5,731,880,000","5,731,880,000","5,731,880,000"
OrdinarySharesNumber,"10,383,000,000","10,330,000,000","10,313,000,000","10,258,000,000","10,242,000,000","10,198,000,000","10,183,000,000","10,180,000,000","10,180,000,000","10,140,000,000","10,120,000,000","10,071,959,680","10,060,000,000","10,040,000,000","10,020,000,000","9,980,000,000","9,960,000,000","9,900,000,000","9,880,000,000","9,840,000,000","9,820,000,000","9,780,000,000","9,740,000,000","9,700,000,000","9,680,000,000","9,640,000,000","9,600,000,000","9,560,000,000","9,540,000,000","9,500,000,000","9,480,000,000","9,440,000,000","9,420,000,000","9,380,000,000","9,360,000,000","9,320,000,000","9,300,000,000","9,260,000,000","9,240,000,000","9,200,000,000","9,180,000,000","9,160,000,000","9,140,000,000","9,100,000,000","9,080,000,000","9,060,000,000","9,040,000,000","9,000,000,000","9,100,000,000","9,100,000,000","9,080,000,000","9,040,000,000","9,020,000,000","8,980,000,000","8,960,000,000","8,920,000,000","8,880,000,000","8,660,000,000","8,640,000,000","8,620,000,000","8,620,000,000","8,620,000,000","8,520,000,000","8,340,000,000","8,320,000,000","8,303,547,620","8,267,977,420","8,193,965,560","8,280,000,000","8,220,000,000","8,380,000,000","8,340,000,000","8,320,000,000","8,280,000,000","8,240,000,000","8,220,000,000","8,194,220,000","8,149,280,000","8,134,220,000","8,097,880,000","8,067,080,000","8,008,440,000","7,934,600,000","7,832,180,000","7,758,120,000","7,624,320,000","7,606,080,000","7,502,180,000","7,464,360,000","7,435,320,000","7,243,820,000","7,176,940,000","7,142,800,000","7,122,040,000","7,108,000,000","6,999,180,000","6,903,100,000","6,784,700,000","6,726,120,000","6,454,840,000","6,370,680,000","6,333,440,040","5,966,360,040","5,804,920,080","5,750,640,000","5,731,880,000","5,731,880,000","5,731,880,000","5,731,880,000"
TreasurySharesNumber,"515,000,000","515,000,000","515,000,000","515,000,000","515,000,000","516,000,000","516,000,000","480,000,000","460,000,000","480,000,000","480,000,000","480,000,000","480,000,000","460,000,000","460,000,000","460,000,000","460,000,000","480,000,000","480,000,000","480,000,000","460,000,000","460,000,000","480,000,000","460,000,000","460,000,000","460,000,000","480,000,000","460,000,000","460,000,000","460,000,000","460,000,000","460,000,000","460,000,000","460,000,000","460,000,000","460,000,000","460,000,000","480,000,000","480,000,000","480,000,000","480,000,000","460,000,000","460,000,000","480,000,000","480,000,000","460,000,000","480,000,000","480,000,000","360,000,000","320,000,000","340,000,000","340,000,000","340,000,000","340,000,000","320,000,000","320,000,000","340,000,000","320,000,000","320,000,000",,,,,,,,,,,,,,,,,,,,,,,,,,,,,,,,,,,,,,,,,,,,,,,,,,
