name,ttm,12/31/2023,09/30/2023,06/30/2023,03/31/2023,12/31/2022,09/30/2022,06/30/2022,03/31/2022,12/31/2021,09/30/2021,06/30/2021,03/31/2021,12/31/2020,09/30/2020,06/30/2020,03/31/2020,12/31/2019,09/30/2019,06/30/2019,03/31/2019,12/31/2018,09/30/2018,06/30/2018,03/31/2018,12/31/2017,09/30/2017,06/30/2017,03/31/2017,12/31/2016,09/30/2016,06/30/2016,03/31/2016,12/31/2015,09/30/2015,06/30/2015,03/31/2015,12/31/2014,09/30/2014,06/30/2014,03/31/2014,12/31/2013,09/30/2013,06/30/2013,03/31/2013,12/31/2012,09/30/2012,06/30/2012,03/31/2012,12/31/2011,09/30/2011,06/30/2011,03/31/2011,12/31/2010,09/30/2010,06/30/2010,03/31/2010,12/31/2009,09/30/2009,06/30/2009,03/31/2009,12/31/2008
OperatingCashFlow,"13,256,000,000","4,370,000,000","3,308,000,000","3,065,000,000","2,513,000,000","3,278,000,000","5,100,000,000","2,351,000,000","3,995,000,000","4,585,000,000","3,147,000,000","2,124,000,000","1,641,000,000","3,019,000,000","2,400,000,000","964,000,000","-440,000,000","1,425,000,000","756,000,000","864,000,000","-640,000,000","1,234,561,000","1,391,040,000","-129,664,000","-398,376,000","509,891,000","-300,562,000","-200,172,000","-69,811,000","-448,209,000","423,649,000","150,336,000","-249,605,000","-29,849,000","-203,340,000","-159,516,000","-131,794,000","-86,402,000","-27,996,000","-1,662,000","58,723,000","129,762,000","102,036,000","-35,298,000","64,079,000","-60,061,000","-101,026,000","-64,264,000","-63,300,000","-27,088,000","-21,491,000","-22,488,000","-43,297,000","-34,284,000","-45,957,000","-20,247,000","-27,329,000","-29,007,000","-23,489,000","-12,166,000","-16,163,000","-22,354,000"
	CashFlowFromContinuingOperatingActivities,"13,256,000,000","4,370,000,000","3,308,000,000","3,065,000,000","2,513,000,000","3,278,000,000","5,100,000,000","2,351,000,000","3,995,000,000","4,585,000,000","3,147,000,000","2,124,000,000","1,641,000,000","3,019,000,000","2,400,000,000","964,000,000","-440,000,000","1,425,000,000","756,000,000","864,000,000","-640,000,000","1,234,561,000","1,391,040,000","-129,664,000","-398,376,000","509,891,000","-300,562,000","-200,172,000","-69,811,000","-448,209,000","423,649,000","150,336,000","-249,605,000","-29,849,000","-203,340,000","-159,516,000","-131,794,000","-86,402,000","-27,996,000","-1,662,000","58,723,000","129,762,000","102,036,000","-35,298,000","64,079,000","-60,061,000","-101,026,000","-64,264,000","-63,300,000","-27,088,000","-21,491,000","-22,488,000","-43,297,000","-34,284,000","-45,957,000","-20,247,000","-27,329,000","-29,007,000","-23,489,000","-12,166,000","-16,163,000","-22,354,000"
		NetIncomeFromContinuingOperations,"14,974,000,000","7,943,000,000","1,878,000,000","2,614,000,000","2,539,000,000","3,707,000,000","3,331,000,000","2,269,000,000","3,280,000,000","2,343,000,000","1,659,000,000","1,178,000,000","464,000,000","296,000,000","369,000,000","129,000,000","68,000,000","132,000,000","150,000,000","-389,000,000","-668,000,000","210,078,000","254,333,000","-742,706,000","-784,627,000","-770,807,000","-671,163,000","-401,427,000","-397,181,000","-219,469,000","21,878,000","-293,188,000","-282,267,000","-320,397,000","-229,858,000","-184,227,000","-154,181,000","-107,629,000","-74,709,000","-61,902,000","-49,800,000","-16,264,000","-38,496,000","-30,502,000","11,248,000","-89,931,000","-110,806,000","-105,603,000","-89,873,000","-81,489,000","-65,078,000","-58,903,000","-48,941,000","-51,358,000","-34,934,000","-38,517,000","-29,519,000","-24,242,000","-4,615,000","-10,867,000","-16,016,000","-25,498,000"
		OperatingGainsLosses,"-144,000,000","173,000,000","-34,000,000","-258,000,000","-25,000,000","114,000,000","53,000,000","84,000,000","-30,000,000","-63,000,000","60,000,000","24,000,000","-103,000,000","20,000,000","106,000,000","19,000,000","19,000,000","131,000,000","-70,000,000","58,000,000","-21,000,000","33,825,000","965,000","25,137,000","99,898,000","62,506,000","12,607,000","36,782,000","46,184,000","-17,153,000","19,121,000","-13,333,000","16,815,000","49,105,000","22,621,000","-8,968,000","30,730,000","3,942,000","2,250,000","8,004,000","-1,909,000","3,655,000","338,000","4,457,000","-10,692,000",,"1,205,000","-154,000","-155,000",,,,,,,,,"3,071,000","0","-1,442,000","-26,000",
			GainLossOnSaleOfPPE,"0","0","0",,,"34,000,000","0","106,000,000","0","0","51,000,000","23,000,000","-101,000,000","50,000,000","0","0","0","77,000,000","21,000,000","30,000,000","18,000,000","28,722,000","14,150,000","66,613,000","52,237,000","46,130,000","6,068,000","12,452,000","41,120,000","22,452,000","618,000","-14,608,000","26,171,000","28,923,000","3,809,000","2,238,000","2,753,000","3,126,000","4,747,000","6,305,000","0",,"862,000",,,,,,,,,,,,,,"0","385,000",,,"0","0"
			NetForeignCurrencyExchangeGainLoss,"-144,000,000","173,000,000","-34,000,000","-258,000,000","-25,000,000","80,000,000","53,000,000","-22,000,000","-30,000,000","-63,000,000","9,000,000","1,000,000","-2,000,000","-30,000,000","106,000,000","19,000,000","19,000,000","54,000,000","-91,000,000","28,000,000","-39,000,000","5,103,000","-13,185,000","-41,476,000","47,661,000","16,376,000","6,539,000","24,330,000","5,064,000","-39,605,000","18,503,000","1,275,000","-9,356,000","20,182,000","18,812,000","-11,206,000","27,977,000","816,000","-2,497,000","1,699,000","-1,909,000",,"-524,000","4,302,000","0",,,,,,,,,,,,,,,,,
			GainLossOnInvestmentSecurities,,,,,,,,,,,,,,,,,,,,,,,,,,,,,,,,,,,,,,,,,,"0","0","0","-10,692,000",,"1,205,000","-154,000","-155,000",,,,,,,,,,,,,
		DepreciationAmortizationDepletion,"4,667,000,000","1,232,000,000","1,235,000,000","1,154,000,000","1,046,000,000","989,000,000","956,000,000","922,000,000","880,000,000","848,000,000","761,000,000","681,000,000","621,000,000","618,000,000","584,000,000","567,000,000","553,000,000","577,000,000","530,000,000","579,000,000","468,000,000","496,737,000","502,512,000","485,255,000","416,233,000","469,606,000","400,624,000","389,171,000","376,602,000","326,939,000","280,468,000","183,232,000","156,460,000","143,723,000","110,366,000","91,389,000","77,112,000","67,976,000","64,972,000","54,715,000","44,268,000","37,585,000","28,450,000","22,198,000","17,850,000","12,792,000","7,522,000","4,348,000","4,163,000","4,804,000","4,280,000","4,318,000","3,517,000","2,890,000","3,109,000","2,483,000","2,141,000","1,935,000","1,948,000","1,685,000","1,372,000","1,294,000"
			DepreciationAndAmortization,"4,667,000,000","1,232,000,000","1,235,000,000","1,154,000,000","1,046,000,000","989,000,000","956,000,000","922,000,000","880,000,000","848,000,000","761,000,000","681,000,000","621,000,000","618,000,000","584,000,000","567,000,000","553,000,000","577,000,000","530,000,000","579,000,000","468,000,000","496,737,000","502,512,000","485,255,000","416,233,000","469,606,000","400,624,000","389,171,000","376,602,000","326,939,000","280,468,000","183,232,000","156,460,000","143,723,000","110,366,000","91,389,000","77,112,000","67,976,000","64,972,000","54,715,000","44,268,000","37,585,000","28,450,000","22,198,000","17,850,000","12,792,000","7,522,000","4,348,000","4,163,000","4,804,000","4,280,000","4,318,000","3,517,000","2,890,000","3,109,000","2,483,000","2,141,000","1,935,000","1,948,000","1,685,000","1,372,000","1,294,000"
				Depreciation,"4,667,000,000",,,"1,154,000,000","1,046,000,000","989,000,000","956,000,000","922,000,000","880,000,000",,"761,000,000",,,,,,,,,,,,,,,,,,,,,,,,,,,,,,,,,,,,,,,,,,,,,,,,,,,
		DeferredTax,"-6,349,000,000",,,,,,,,,,,,,,,,,,,,,,,,,,,,,,,,,,,,,,,,,,,,,,,,,,,,,,,,,,,,,
			DeferredIncomeTax,"-6,349,000,000",,,,,,,,,,,,,,,,,,,,,,,,,,,,,,,,,,,,,,,,,,,,,,,,,,,,,,,,,,,,,
		AssetImpairmentCharge,"463,000,000","102,000,000","144,000,000","167,000,000","50,000,000","59,000,000","60,000,000","25,000,000","33,000,000","12,000,000","40,000,000","39,000,000","49,000,000","62,000,000","52,000,000","43,000,000","45,000,000","26,000,000","51,000,000","35,000,000","81,000,000","25,289,000","13,902,000","27,552,000","18,546,000","33,318,000","27,092,000","44,337,000","26,918,000","15,231,000","20,564,000","16,715,000","13,010,000","21,637,000","7,353,000","10,049,000","5,901,000","1,114,000","10,645,000","2,272,000","1,578,000","2,130,000","1,199,000","4,057,000","1,532,000","840,000","411,000","1,066,000","2,612,000","408,000","768,000","269,000","383,000","299,000","301,000","210,000","141,000",,"314,000",,,
		UnrealizedGainLossOnInvestmentSecurities,,,,,,,,,,,,,,,,,,,,,,,,,,,,,,,,,,,,,,,,,,,,,,,"1,205,000","-154,000","-155,000","649,000","340,000","340,000","1,421,000",,"-3,072,000","6,350,000","2,332,000",,,,,
		StockBasedCompensation,"1,812,000,000","484,000,000","465,000,000","445,000,000","418,000,000","419,000,000","362,000,000","361,000,000","418,000,000","558,000,000","475,000,000","474,000,000","614,000,000","633,000,000","543,000,000","347,000,000","211,000,000","281,000,000","199,000,000","210,000,000","208,000,000","205,313,000","205,017,000","197,344,000","141,639,000","134,348,000","112,653,000","116,042,000","103,717,000","87,713,000","89,543,000","67,311,000","89,658,000","55,640,000","55,998,000","43,335,000","43,026,000","44,516,000","39,158,000","35,784,000","37,038,000","25,171,000","20,984,000","19,714,000","14,868,000","14,416,000","12,475,000","12,543,000","10,711,000","8,682,000","7,885,000","6,926,000","5,926,000","7,843,000","3,811,000","6,115,000","3,387,000","985,000","206,000","153,000","90,000","219,000"
		OtherNonCashItems,"81,000,000","-13,000,000","35,000,000","44,000,000","15,000,000","181,000,000","107,000,000","36,000,000","16,000,000","32,000,000","153,000,000","52,000,000","8,000,000","148,000,000","111,000,000","105,000,000","111,000,000","47,000,000","88,000,000","83,000,000","-32,000,000","64,271,000","62,896,000","44,743,000","35,361,000","83,882,000","67,393,000","96,016,000","36,729,000","-94,875,000","27,796,000","30,115,000","27,748,000","36,049,000","22,627,000","18,957,000","20,803,000","17,068,000","24,373,000","24,710,000","11,054,000","5,205,000","4,505,000","7,195,000","390,000","-1,321,000","301,000","853,000","223,000","-141,000","-199,000","218,000","11,000","-588,000","-3,072,000","6,209,000","2,473,000","-609,000","306,000","2,492,000","292,000","3,019,000"
		ChangeInWorkingCapital,"-2,248,000,000","798,000,000","-415,000,000","-1,101,000,000","-1,530,000,000","-2,191,000,000","231,000,000","-1,346,000,000","-602,000,000","855,000,000","-1,000,000","-324,000,000","-12,000,000","1,242,000,000","635,000,000","-246,000,000","-1,447,000,000","231,000,000","-192,000,000","288,000,000","-676,000,000","199,048,000","351,415,000","-166,989,000","-325,426,000","497,038,000","-249,768,000","-481,093,000","-262,780,000","-546,595,000","-35,721,000","159,484,000","-271,029,000","-15,606,000","-192,447,000","-130,051,000","-155,185,000","-113,389,000","-94,685,000","-65,245,000","16,494,000","72,280,000","85,056,000","-62,417,000","28,883,000","681,000","-12,134,000","22,683,000","9,019,000","39,654,000","30,513,000","24,344,000","-5,614,000","6,696,000","-15,172,000","3,112,000","-5,811,000","-10,147,000","-21,648,000","-4,902,000","-1,875,000","-143,000"
			ChangeInReceivables,"-586,000,000","-963,000,000","881,000,000","-472,000,000","-32,000,000","-698,000,000","-193,000,000","176,000,000","-409,000,000","18,000,000","135,000,000","-259,000,000","-24,000,000","-102,000,000","-314,000,000","-222,000,000","-14,000,000","-217,000,000","18,000,000","-68,000,000","-100,000,000","189,371,000","-587,491,000","70,633,000","-169,142,000","81,008,000","-182,686,000","-14,498,000","91,541,000","-106,055,000","-109,084,000","157,901,000","-159,327,000","-32,106,000","15,541,000","60,657,000","2,175,000","-74,486,000","-61,241,000","-24,210,000","-23,721,000","-1,179,000","66,162,000","-67,581,000","-19,297,000","-17,678,000","1,858,000","2,567,000","-4,050,000","8,711,000","5,058,000","-3,048,000","-13,550,000","1,353,000","-1,597,000","-535,000","-2,443,000","-2,102,000","3,160,000","-4,015,000","2,789,000","-3,075,000"
				ChangesInAccountReceivables,"-586,000,000","-963,000,000","881,000,000","-472,000,000","-32,000,000","-698,000,000","-193,000,000","176,000,000","-409,000,000","18,000,000","135,000,000","-259,000,000","-24,000,000","-102,000,000","-314,000,000","-222,000,000","-14,000,000","-217,000,000","18,000,000","-68,000,000","-100,000,000","189,371,000","-587,491,000","70,633,000","-169,142,000","81,008,000","-182,686,000","-14,498,000","91,541,000","-106,055,000","-109,084,000","157,901,000","-159,327,000","-32,106,000","15,541,000","60,657,000","2,175,000","-74,486,000","-61,241,000","-24,210,000","-23,721,000","-1,179,000","66,162,000","-67,581,000","-19,297,000","-17,678,000","1,858,000","2,567,000","-4,050,000","8,711,000","5,058,000","-3,048,000","-13,550,000","1,353,000","-1,597,000","-535,000","-2,443,000","-2,102,000","3,160,000","-4,015,000","2,789,000","-3,075,000"
			ChangeInInventory,"-1,195,000,000","758,000,000","163,000,000","-576,000,000","-1,540,000,000","-1,973,000,000","-2,300,000,000","-1,559,000,000","-633,000,000","-534,000,000","-488,000,000","-581,000,000","-106,000,000","180,000,000","-67,000,000","446,000,000","-981,000,000","56,000,000","-133,000,000","457,000,000","-809,000,000","87,347,000","-55,444,000","-733,475,000","-322,081,000","240,120,000","-25,268,000","-269,188,000","-124,514,000","-667,489,000","872,600,000","-705,260,000","-512,671,000","-482,478,000","-385,162,000","-399,011,000","-307,209,000","-377,601,000","-214,531,000","-259,538,000","-198,594,000","-104,853,000","-229,170,000","-147,467,000","18,220,000","-90,694,000","-85,594,000","-12,838,000","-5,600,000","-2,807,000","2,133,000","-6,001,000","-6,963,000","-3,178,000","-13,837,000","-3,525,000","-5,507,000","-4,922,000","4,731,000","-3,820,000","-4,943,000","-3,005,000"
			ChangeInPrepaidAssets,"-2,652,000,000","-2,974,000,000","327,000,000","74,000,000","-79,000,000","-552,000,000","-332,000,000","-244,000,000","-289,000,000","16,000,000","-156,000,000","12,000,000","-143,000,000","39,000,000","11,000,000","-147,000,000","-154,000,000","-52,000,000","-97,000,000","-93,000,000","-46,000,000","-50,593,000","64,194,000","-45,193,000","-50,001,000","51,748,000","-10,640,000","-37,688,000","-75,504,000","22,170,000","15,142,000","28,628,000","-9,134,000","6,367,000","-32,577,000","40,090,000","-43,475,000","-31,120,000","-5,310,000","-12,778,000","-11,429,000","-8,566,000","-5,550,000","-990,000","-2,575,000","-630,000","-829,000","97,000","2,483,000","937,000","-1,343,000","1,581,000","-1,423,000","-1,868,000","-2,253,000","-540,000","-316,000","142,000","-60,000","-1,895,000","-229,000","-45,000"
			ChangeInPayablesAndAccruedExpense,"2,605,000,000","2,629,000,000","-958,000,000","137,000,000","797,000,000","1,370,000,000","3,253,000,000","409,000,000","997,000,000","1,814,000,000","1,172,000,000","920,000,000","672,000,000","1,337,000,000","1,137,000,000","-107,000,000","-265,000,000","540,000,000","56,000,000","128,000,000","-41,000,000","94,853,000","718,280,000","591,737,000","317,983,000","217,880,000","157,092,000","10,703,000","2,531,000","53,112,000","484,579,000","152,356,000","60,593,000","174,107,000","27,977,000","13,768,000","47,493,000","160,961,000","68,184,000","88,174,000","97,537,000","4,814,000","53,153,000","-19,986,000","26,587,000","103,337,000","65,166,000","12,674,000","-6,323,000","6,181,000","11,881,000","18,376,000","7,742,000","7,271,000","4,378,000","4,991,000","-3,507,000","1,195,000","326,000","1,082,000","1,686,000","5,208,000"
				ChangeInPayable,"2,605,000,000",,,,,,,,,,,,,,,,,,,,,,,,,,,,,,,,,,,,"-43,242,000","81,583,000","36,674,000","55,991,000","78,257,000","-27,565,000","33,796,000","-34,036,000","25,661,000","91,900,000","69,878,000","10,744,000","-7,271,000",,"11,540,000","20,290,000","7,958,000","-8,205,000","2,035,000","2,854,000","3,104,000","-2,271,000","894,000","815,000","1,464,000","3,421,000"
					ChangeInAccountPayable,"2,605,000,000",,,,,,,,,,,,,,,,,,,,,,,,,,,,,,,,,,,,"-43,242,000","81,583,000","36,674,000","55,991,000","78,257,000","-27,565,000","33,796,000","-34,036,000","25,661,000","91,900,000","69,878,000","10,744,000","-7,271,000",,"11,540,000","20,290,000","7,958,000","-8,205,000","2,035,000","2,854,000","3,104,000","-2,271,000","894,000","815,000","1,464,000","3,421,000"
				ChangeInAccruedExpense,,,,,,,,,,,,,,,,,,,,,,,,,,,,,,,,,,,,,"90,735,000","79,378,000","31,510,000","31,963,000","19,280,000","32,379,000","19,357,000","14,050,000","926,000","11,437,000","-4,712,000","1,930,000","948,000",,"341,000","-1,914,000","-216,000","15,476,000","2,343,000","2,137,000","-6,611,000","3,466,000","-568,000","267,000","222,000","1,787,000"
			ChangeInOtherCurrentAssets,"-1,952,000,000","2,561,000,000","-1,272,000,000","-1,837,000,000","-1,404,000,000","-1,405,000,000","-879,000,000","-764,000,000","-1,073,000,000","-1,135,000,000","-1,065,000,000","-611,000,000","-594,000,000","-671,000,000","-399,000,000","-189,000,000","-157,000,000","-228,000,000","-287,000,000","-175,000,000","41,000,000","-25,799,000","-5,346,000","-90,875,000","-154,779,000","-439,433,000","-355,687,000","-268,488,000","-458,965,000","-50,235,000","4,861,000","-585,000","-6,862,000","-10,065,000","-5,942,000","-2,300,000","-6,055,000","1,178,000","-5,214,000","-610,000","153,000","-380,000","-259,000","143,000","158,000",,"-67,000","-65,000","-14,000",,,,,,,,,,,,,
			ChangeInOtherCurrentLiabilities,,,"442,000,000","1,004,000,000","620,000,000","888,000,000","515,000,000","187,000,000","314,000,000","229,000,000","200,000,000","24,000,000","23,000,000","234,000,000","149,000,000","129,000,000","-17,000,000","-100,000,000","56,000,000","16,000,000","-14,000,000","32,791,000","73,639,000","2,921,000","-60,560,000","72,689,000","-19,069,000","-4,951,000","241,188,000","92,437,000","47,437,000","153,220,000","165,897,000","176,214,000","117,532,000","68,077,000","104,169,000","105,405,000","75,995,000","62,887,000","67,173,000","81,581,000","97,256,000","80,589,000","9,834,000",,"2,436,000","409,000","790,000",,,,,,,,"-215,000","-2,758,000",,,"-843,000","-557,000"
			ChangeInOtherWorkingCapital,"1,532,000,000","853,000,000","2,000,000","569,000,000","108,000,000","179,000,000","167,000,000","449,000,000","491,000,000","447,000,000","201,000,000","171,000,000","160,000,000","225,000,000","118,000,000","-156,000,000","141,000,000","232,000,000","195,000,000","23,000,000","293,000,000","-128,922,000","143,583,000","37,263,000","113,154,000","273,026,000","186,490,000","103,017,000","60,943,000","109,465,000","106,488,000","372,639,000","183,613,000","152,355,000","70,184,000","88,668,000","47,717,000","102,274,000","47,432,000","80,830,000","85,375,000","100,863,000","103,464,000","92,875,000","-4,044,000","-3,427,000","4,896,000","19,839,000","21,733,000","26,632,000","12,784,000","13,436,000","8,580,000","3,118,000","-1,863,000","2,721,000","5,962,000","-1,702,000","-29,805,000","2,903,000","-335,000","1,331,000"
InvestingCashFlow,"-15,584,000,000","-4,804,000,000","-4,762,000,000","-3,534,000,000","-2,484,000,000","-6,131,000,000","-2,791,000,000","-884,000,000","-2,167,000,000","-1,916,000,000","-1,855,000,000","-1,515,000,000","-2,582,000,000","-1,047,000,000","-1,039,000,000","-566,000,000","-480,000,000","-403,000,000","-486,000,000","-241,000,000","-306,000,000","-365,009,000","-560,546,000","-682,817,000","-728,637,000","-961,876,000","-1,244,727,000","-1,157,912,000","-881,719,000","-594,751,000","-268,006,000","-319,854,000","-233,819,000","-414,280,000","-404,090,000","-422,837,000","-432,344,000","-372,231,000","-291,643,000","2,610,000","-329,180,000","-89,505,000","-77,502,000","-27,174,000","-55,236,000","-38,187,000","-64,014,000","-15,932,000","-66,227,000","15,253,000","-178,170,000","-23,122,000","10,111,000","-8,550,000","-154,679,000","-7,689,000","-9,379,000","-6,199,000","-3,035,000","-4,108,000","-902,000","-1,144,000"
	CashFlowFromContinuingInvestingActivities,"-15,584,000,000","-4,804,000,000","-4,762,000,000","-3,534,000,000","-2,484,000,000","-6,131,000,000","-2,791,000,000","-884,000,000","-2,167,000,000","-1,916,000,000","-1,855,000,000","-1,515,000,000","-2,582,000,000","-1,047,000,000","-1,039,000,000","-566,000,000","-480,000,000","-403,000,000","-486,000,000","-241,000,000","-306,000,000","-365,009,000","-560,546,000","-682,817,000","-728,637,000","-961,876,000","-1,244,727,000","-1,157,912,000","-881,719,000","-594,751,000","-268,006,000","-319,854,000","-233,819,000","-414,280,000","-404,090,000","-422,837,000","-432,344,000","-372,231,000","-291,643,000","2,610,000","-329,180,000","-89,505,000","-77,502,000","-27,174,000","-55,236,000","-38,187,000","-64,014,000","-15,932,000","-66,227,000","15,253,000","-178,170,000","-23,122,000","10,111,000","-8,550,000","-154,679,000","-7,689,000","-9,379,000","-6,199,000","-3,035,000","-4,108,000","-902,000","-1,144,000"
		NetPPEPurchaseAndSale,"-8,899,000,000","-2,307,000,000","-2,459,000,000","-2,060,000,000","-2,073,000,000","-1,858,000,000","-1,803,000,000","-1,730,000,000","-1,772,000,000","-1,814,000,000","-1,825,000,000","-1,515,000,000","-1,360,000,000","-1,164,000,000","-1,021,000,000","-566,000,000","-481,000,000","-449,000,000","-410,000,000","-268,000,000","-305,000,000","-353,901,000","-559,150,000","-677,213,000","-728,637,000","-906,143,000","-1,244,727,000","-1,157,912,000","-772,572,000","-681,281,000","-247,611,000","-294,720,000","-216,859,000","-411,222,000","-392,403,000","-405,165,000","-426,060,000","-368,661,000","-284,175,000","-175,685,000","-141,364,000","-89,434,000","-76,548,000","-40,515,000","-57,727,000","-41,483,000","-62,398,000","-58,003,000","-54,774,000","-54,262,000","-68,844,000","-54,314,000","-20,476,000","-17,148,000","-7,768,000","-9,815,000","-5,472,000","-6,199,000","-2,256,000","-2,527,000","-902,000","-144,000"
			PurchaseOfPPE,"-8,899,000,000","-2,307,000,000","-2,459,000,000","-2,060,000,000","-2,073,000,000","-1,858,000,000","-1,803,000,000","-1,730,000,000","-1,772,000,000","-1,814,000,000","-1,825,000,000","-1,515,000,000","-1,360,000,000","-1,164,000,000","-1,021,000,000","-566,000,000","-481,000,000","-449,000,000","-410,000,000","-268,000,000","-305,000,000","-353,901,000","-559,150,000","-677,213,000","-728,637,000","-906,143,000","-1,244,727,000","-1,157,912,000","-772,572,000","-681,281,000","-247,611,000","-294,720,000","-216,859,000","-411,222,000","-392,403,000","-405,165,000","-426,060,000","-368,661,000","-284,175,000","-175,685,000","-141,364,000","-89,434,000","-76,548,000","-40,515,000","-57,727,000","-41,483,000","-62,398,000","-58,003,000","-54,774,000","-54,262,000","-68,844,000","-54,314,000","-20,476,000","-17,148,000","-7,768,000","-9,815,000","-5,472,000","-6,199,000","-2,256,000","-2,527,000","-902,000","-144,000"
		NetIntangiblesPurchaseAndSale,"0","0","0","0","0","0","0","936,000,000","-9,000,000","0","0","0","-1,228,000,000","-5,000,000","-5,000,000","0","0","0","0",,,,"0",,,,,,,,,,,,,,,,,,,,,,,,,,,,,,,,,,,,,,,
			PurchaseOfIntangibles,"0","0","0","0","0","0","0","0","-9,000,000","0","0","0","-1,500,000,000","-5,000,000","-5,000,000","0","0","0","0",,,,"0",,,,,,,,,,,,,,,,,,,,,,,,,,,,,,,,,,,,,,,
			SaleOfIntangibles,"0","0","0",,,"0","0","936,000,000","0","0","0","0","272,000,000",,"0","0","0",,,,,,,,,,,,,,,,,,,,,,,,,,,,,,,,,,,,,,,,,,,,,
		NetBusinessPurchaseAndSale,"-64,000,000","0","12,000,000",,,,"0",,,"0",,,,"0","-13,000,000","0","0","0","-76,000,000","32,000,000","-1,000,000","-11,108,000","-1,396,000","-5,604,000","0","-5,376,000","0","0","-109,147,000","213,523,000","0","0","0","0","0",,,,"0",,,,,,,,,,,,,,,,,,,,,,,
			PurchaseOfBusiness,"-64,000,000",,,,,,,,,"0",,,,"0",,,,,,,"-650,000","-11,108,000","-1,200,000","-5,604,000","0","-5,376,000","0","0","-109,147,000",,"0","0","0","0","0",,,,"0",,,,,,,,,,,,,,,,,,,,,,,
		NetInvestmentPurchaseAndSale,"-6,621,000,000","-2,497,000,000","-2,315,000,000","-1,398,000,000","-411,000,000","-4,349,000,000","-988,000,000","-90,000,000","-386,000,000","-102,000,000","-30,000,000","0","0",,,,,,,,,,,,,"0","0",,,"0","0",,,,"0","0","0","-10,000","-5,563,000","177,974,000","-189,111,000","0","0","0","0","0","0","25,000,000","8,000","40,000,000","-64,952,000","0","0",,,,,,,,,
			PurchaseOfInvestment,"-19,112,000,000","-5,891,000,000","-6,131,000,000","-5,075,000,000","-2,015,000,000","-4,368,000,000","-991,000,000","-90,000,000","-386,000,000","-102,000,000","-30,000,000","0","0",,,,,,,,,,,,,,,,,,,,,,,"0","0","-10,000","-5,563,000","-11,157,000","-189,111,000","0","0","0","0","0","0","0","-14,992,000","0","-64,952,000","0","0",,,,,,,,,
			SaleOfInvestment,"12,491,000,000","3,394,000,000","3,816,000,000","3,677,000,000","1,604,000,000","19,000,000","3,000,000","0","0",,,,,,,,,,,,,,,,,"0","0",,,"0","0",,,,"0",,,"0","0",,,"0","0","0","0","0","0","25,000,000","15,000,000",,"0","0","0",,,,,,,,,
		NetOtherInvestingChanges,,,,,,,,,,"0","0","0","6,000,000","122,000,000","0","0","1,000,000",,,,,,,,,"-50,357,000","-70,205,000","-57,304,000","-45,224,000","-126,993,000","-20,395,000","-41,801,000","-16,960,000","-3,058,000","-11,687,000","-5,412,000","-6,284,000","-3,560,000","-1,905,000","321,000","1,295,000","-71,000","-954,000","13,341,000","2,491,000","3,296,000","-1,616,000","17,071,000","-11,461,000","29,515,000","-44,374,000","31,192,000","30,587,000","8,598,000","-146,911,000","2,126,000","-3,907,000","0","-779,000",,,"-1,000,000"
FinancingCashFlow,"2,589,000,000","887,000,000","2,263,000,000","-328,000,000","-233,000,000","-495,000,000","-712,000,000","-406,000,000","-1,914,000,000","-1,257,000,000","-1,381,000,000","-1,549,000,000","-1,016,000,000","2,692,000,000","4,450,000,000","123,000,000","2,708,000,000","-79,000,000","118,000,000","2,143,000,000","-653,000,000","-112,309,000","-84,282,000","398,622,000","371,660,000","285,842,000","2,101,506,000","428,767,000","1,598,749,000","1,372,827,000","-320,870,000","1,976,584,000","715,435,000","225,038,000","893,978,000","218,351,000","186,156,000","11,325,000","33,754,000","281,492,000","1,816,559,000","10,516,000","24,215,000","597,007,000","3,684,000","214,445,000","40,179,000","72,180,000","92,831,000","53,773,000","93,609,000","264,335,000","34,283,000","45,829,000","249,895,000","13,694,000","28,627,000","-1,714,000","82,371,000","55,229,000","19,533,000","14,752,000"
	CashFlowFromContinuingFinancingActivities,"2,589,000,000","887,000,000","2,263,000,000","-328,000,000","-233,000,000","-495,000,000","-712,000,000","-406,000,000","-1,914,000,000","-1,257,000,000","-1,381,000,000","-1,549,000,000","-1,016,000,000","2,692,000,000","4,450,000,000","123,000,000","2,708,000,000","-79,000,000","118,000,000","2,143,000,000","-653,000,000","-112,309,000","-84,282,000","398,622,000","371,660,000","285,842,000","2,101,506,000","428,767,000","1,598,749,000","1,372,827,000","-320,870,000","1,976,584,000","715,435,000","225,038,000","893,978,000","218,351,000","186,156,000","11,325,000","33,754,000","281,492,000","1,816,559,000","10,516,000","24,215,000","597,007,000","3,684,000","214,445,000","40,179,000","72,180,000","92,831,000","53,773,000","93,609,000","264,335,000","34,283,000","45,829,000","249,895,000","13,694,000","28,627,000","-1,714,000","82,371,000","55,229,000","19,533,000","14,752,000"
		NetIssuancePaymentsOfDebt,"2,116,000,000","817,000,000","2,064,000,000","-357,000,000","-408,000,000","-497,000,000","-899,000,000","-402,000,000","-2,068,000,000","-1,456,000,000","-1,526,000,000","-1,588,000,000","-1,162,000,000","-2,305,000,000","-581,000,000","111,000,000","287,000,000","-195,000,000","47,000,000","1,623,000,000","-677,000,000","-197,236,000","-221,311,000","245,597,000","262,714,000","245,441,000","2,010,029,000","-95,155,000","1,225,273,000","1,184,164,000","-361,546,000","231,937,000","663,635,000","212,920,000","120,137,000","198,984,000","151,896,000","794,000","-3,056,000","296,899,000","1,997,455,000","-2,045,000","-2,746,000","218,248,000","-14,219,000","-13,858,000","32,492,000","70,782,000","83,838,000","51,060,000","90,727,000","31,643,000","30,577,000","15,189,000","11,060,000","15,421,000","29,843,000","-47,000","-60,000","5,752,000","19,501,000","14,459,000"
			NetLongTermDebtIssuance,"2,116,000,000","817,000,000","2,064,000,000","-357,000,000","-408,000,000","-497,000,000","-899,000,000","-402,000,000","-2,068,000,000","-1,456,000,000","-1,526,000,000","-1,588,000,000","-1,162,000,000","-2,305,000,000","-581,000,000","111,000,000","287,000,000","-195,000,000","47,000,000","1,623,000,000","-677,000,000","-197,236,000","-221,311,000","245,597,000","262,714,000","245,441,000","2,010,029,000","-95,155,000","1,225,273,000","1,184,164,000","-361,546,000","231,937,000","663,635,000","212,920,000","120,137,000","198,984,000","151,896,000","794,000","-3,056,000","296,899,000","1,997,455,000","-2,045,000","-2,746,000","218,248,000","-14,219,000","-13,858,000","32,492,000","70,782,000","83,838,000","51,060,000","90,727,000","31,643,000","30,577,000","15,189,000","11,060,000","15,421,000","29,843,000","-47,000","-60,000","5,752,000","19,501,000","14,459,000"
				LongTermDebtIssuance,"3,931,000,000","1,405,000,000",,,,"0","0","0","0","1,250,000,000","2,771,000,000","1,879,000,000","2,983,000,000","1,887,000,000","2,880,000,000","2,144,000,000","2,802,000,000","3,550,000,000","2,111,000,000","3,514,000,000","1,494,000,000","2,229,598,000","903,773,000","1,267,746,000","1,775,481,000","1,831,791,000","3,073,324,000","719,740,000","2,024,521,000","1,379,725,000","750,423,000","820,762,000","671,763,000","343,794,000","179,142,000","209,159,000","155,622,000","3,271,000","0","300,000,000","2,000,000,000","0","0","660,000,000","0","0","33,255,000","71,274,000","84,267,000","51,251,000","90,823,000","31,693,000","30,656,000","15,271,000","11,138,000","15,499,000","29,920,000","0","0","5,846,000","19,622,000","14,532,000"
				LongTermDebtPayments,"-1,815,000,000","-588,000,000","-462,000,000","-357,000,000","-408,000,000","-497,000,000","-899,000,000","-402,000,000","-2,068,000,000","-2,706,000,000","-4,297,000,000","-3,467,000,000","-4,145,000,000","-4,192,000,000","-3,461,000,000","-2,033,000,000","-2,515,000,000","-3,745,000,000","-2,064,000,000","-1,891,000,000","-2,171,000,000","-2,426,834,000","-1,125,084,000","-1,022,149,000","-1,512,767,000","-1,586,350,000","-1,063,295,000","-814,895,000","-799,248,000","-195,561,000","-1,111,969,000","-588,825,000","-8,128,000","-130,874,000","-59,005,000","-10,175,000","-3,726,000","-2,477,000","-3,056,000","-3,101,000","-2,545,000","-2,045,000","-2,746,000","-441,752,000","-14,219,000","-13,858,000","-763,000","-492,000","-429,000","-191,000","-96,000","-50,000","-79,000","-82,000","-78,000","-78,000","-77,000","-47,000","-60,000","-94,000","-121,000","-73,000"
		NetCommonStockIssuance,,,,,,,,,,"0","0","0","0","4,987,000,000","4,973,000,000","0","2,309,000,000","0","0","848,000,000","0","0","0",,"0","0","0","0","400,175,000","0","0","1,701,734,000","0","0","750,000,000",,,"0","0",,,"0","0",,,,"0",,,"0","-13,000",,,"30,000,000",,,,,,,,"0"
			CommonStockIssuance,,,,,,,,,,"0","0","0","0","4,987,000,000","4,973,000,000","0","2,309,000,000","0","0","848,000,000","0","0","0",,"0","0","0","0","400,175,000","0","0","1,701,734,000","0","0","750,000,000",,,"0","0",,,"0","0",,,"221,496,000","0",,,"0","-13,000",,,"30,000,000","238,842,000",,,,,,,"0"
		NetPreferredStockIssuance,,,,,,,,,,,,,,,,,,,,,,,,,,,,,,,,,,,,,,,,,,,,,,,,,,,,,,"0","0","0","0","0","82,378,000","49,444,000","0","0"
			PreferredStockIssuance,,,,,,,,,,,,,,,,,,,,,,,,,,,,,,,,,,,,,,,,,,,,,,,,,,,,,,"0","0","0","0","0","82,378,000","49,444,000","0","0"
		ProceedsFromStockOptionExercised,"700,000,000","152,000,000","254,000,000","63,000,000","231,000,000","67,000,000","229,000,000","43,000,000","202,000,000","262,000,000","192,000,000","70,000,000","183,000,000","56,000,000","144,000,000","57,000,000","160,000,000","96,000,000","71,000,000","192,000,000","78,000,000","75,771,000","94,929,000","31,053,000","94,018,000","8,941,000","69,070,000","-106,587,000","110,190,000","10,356,000","42,983,000","57,640,000","52,838,000","12,585,000","35,155,000","23,653,000","35,218,000","10,530,000","36,810,000","68,149,000","374,126,000","13,088,000","27,128,000","157,506,000","17,903,000","6,807,000","7,687,000","1,398,000","8,993,000","2,713,000","2,895,000","1,211,000","3,706,000","609,000","161,000","222,000","358,000","379,000","53,000","33,000","32,000","293,000"
		NetOtherFinancingCharges,"-227,000,000","-82,000,000","-55,000,000","-34,000,000","-56,000,000","-65,000,000","-42,000,000","-47,000,000","-48,000,000","-63,000,000","-47,000,000","-31,000,000","-37,000,000","-46,000,000","-86,000,000","-45,000,000","-48,000,000","20,000,000","0","-520,000,000","-54,000,000","9,156,000","42,100,000","121,972,000","14,928,000","31,460,000","22,407,000","630,509,000","-136,889,000","178,307,000","-2,307,000","-14,727,000","-1,038,000","-467,000","-11,314,000","-4,286,000","-958,000","1,000","0","-83,556,000","-555,022,000","-527,000","-167,000",,,,,,,,,,,"31,000","-168,000","-1,949,000","-1,574,000",,,,,
EndCashPosition,"17,189,000,000","17,189,000,000","16,590,000,000","15,879,000,000","16,770,000,000","16,924,000,000","20,149,000,000","18,887,000,000","18,040,000,000","18,144,000,000","16,694,000,000","16,825,000,000","17,723,000,000","19,901,000,000","15,003,000,000","9,106,000,000","8,547,000,000","6,783,000,000","5,826,000,000","5,449,000,000","2,683,000,000","4,276,388,000","3,523,000,000","2,783,238,000","3,219,708,000","3,367,914,000","4,076,755,000","3,512,738,000","4,425,762,000","3,393,216,000","3,084,257,000","3,246,301,000","1,441,789,000","1,196,908,000","1,426,036,000","1,150,673,000","1,510,076,000","1,905,713,000","2,370,735,000","2,674,910,000","2,393,908,000","845,889,000","795,116,000","746,057,000","214,417,000","201,890,000","85,693,000","210,554,000","218,570,000","255,266,000","213,328,000","319,380,000","100,655,000","99,558,000","96,563,000","47,304,000","61,546,000","69,627,000","106,547,000","50,700,000","11,745,000","9,277,000"
	ChangesInCash,"261,000,000","453,000,000","809,000,000","-797,000,000","-204,000,000","-3,348,000,000","1,597,000,000","1,061,000,000","-86,000,000","1,412,000,000","-89,000,000","-940,000,000","-1,957,000,000","4,664,000,000","5,811,000,000","521,000,000","1,788,000,000","943,000,000","388,000,000","2,766,000,000","-1,599,000,000","757,243,000","746,212,000","-413,859,000","-755,353,000","-166,143,000","556,217,000","-929,317,000","647,219,000","329,867,000","-165,227,000","1,807,066,000","232,011,000","-219,091,000","286,548,000","-364,002,000","-377,982,000","-447,308,000","-285,885,000","282,440,000","1,546,102,000","50,773,000","48,749,000","534,535,000","12,527,000","116,197,000","-124,861,000","-8,016,000","-36,696,000","41,938,000","-106,052,000","218,725,000","1,097,000","2,995,000","49,259,000","-14,242,000","-8,081,000","-36,920,000","55,847,000","38,955,000","2,468,000","-8,746,000"
	EffectOfExchangeRateChanges,"4,000,000","146,000,000","-98,000,000","-94,000,000","50,000,000","123,000,000","-335,000,000","-214,000,000","-18,000,000","38,000,000","-42,000,000","42,000,000","-221,000,000","234,000,000","86,000,000","38,000,000","-24,000,000","14,000,000","-11,000,000","0","5,000,000","-3,821,000","-6,491,000","-22,611,000","10,102,000","4,027,000","7,800,000","16,293,000","11,643,000","-20,908,000","3,183,000","-2,554,000","12,870,000","-10,037,000","-11,185,000","4,599,000","-17,655,000","-17,714,000","-18,290,000","-1,438,000","1,917,000",,"310,000",,,,,,,,,,,,,,,,,,,
	BeginningCashPosition,"16,924,000,000","16,590,000,000","15,879,000,000","16,770,000,000","16,924,000,000","20,149,000,000","18,887,000,000","18,040,000,000","18,144,000,000","16,694,000,000","16,825,000,000","17,723,000,000","19,901,000,000","15,003,000,000","9,106,000,000","8,547,000,000","6,783,000,000","5,826,000,000","5,449,000,000","2,683,000,000","4,277,000,000","3,522,966,000","2,783,238,000","3,219,708,000","3,964,959,000","3,530,030,000","3,512,738,000","4,425,762,000","3,766,900,000","3,084,257,000","3,246,301,000","1,441,789,000","1,196,908,000","1,426,036,000","1,150,673,000","1,510,076,000","1,905,713,000","2,370,735,000","2,674,910,000","2,393,908,000","845,889,000","795,116,000","746,057,000","214,417,000","201,890,000","85,693,000","210,554,000","218,570,000","255,266,000","213,328,000","319,380,000","100,655,000","99,558,000","96,563,000","47,304,000","61,546,000","69,627,000","106,547,000","50,700,000","11,745,000","9,277,000","18,023,000"
IncomeTaxPaidSupplementalData,"1,119,000,000",,,,,,,,,,,,,,,,,,,,,,,,,,,,,,,,,,,,,,,,,,,,,,,,,,,,,"-10,000","0","-23,000","42,000","59,000","52,000","60,000","0","0"
InterestPaidSupplementalData,"126,000,000",,,,,,,,,,,,,,,,,,,,,,,,,,,,,,,,,,,,,,,,,,,,,,,,,,,,,"295,000","369,000","276,000","198,000","24,000","18,000","15,000","13,000","2,000"
CapitalExpenditure,"-8,899,000,000","-2,307,000,000","-2,459,000,000","-2,060,000,000","-2,073,000,000","-1,858,000,000","-1,803,000,000","-1,730,000,000","-1,781,000,000","-1,814,000,000","-1,825,000,000","-1,515,000,000","-2,860,000,000","-1,169,000,000","-1,026,000,000","-566,000,000","-481,000,000","-449,000,000","-410,000,000","-273,000,000","-305,000,000","-353,901,000","-559,150,000","-677,213,000","-728,637,000","-906,143,000","-1,244,727,000","-1,157,912,000","-772,572,000","-681,281,000","-247,611,000","-294,720,000","-216,859,000","-411,222,000","-392,403,000","-405,165,000","-426,060,000","-368,661,000","-284,175,000","-175,685,000","-141,364,000","-89,434,000","-76,548,000","-40,515,000","-57,727,000","-41,483,000","-62,398,000","-58,003,000","-54,774,000","-54,262,000","-68,844,000","-54,314,000","-20,476,000","-17,148,000","-7,768,000","-9,815,000","-5,472,000","-6,199,000","-2,256,000","-2,527,000","-902,000","-144,000"
IssuanceOfCapitalStock,,,,,,,,,,"0","0","0","0","4,987,000,000","4,973,000,000","0","2,309,000,000","0","0","848,000,000","0","0","0",,"0","0","0","0","400,175,000","0","0","1,701,734,000","0","0","750,000,000",,,"0","0",,,"0","0",,,"221,496,000","0",,,"0","-13,000",,,"30,000,000","238,842,000","0","0","0","82,378,000","49,444,000","0","0"
IssuanceOfDebt,"3,931,000,000","1,405,000,000",,,,"0","0","0","0","1,250,000,000","2,771,000,000","1,879,000,000","2,983,000,000","1,887,000,000","2,880,000,000","2,144,000,000","2,802,000,000","3,550,000,000","2,111,000,000","3,514,000,000","1,494,000,000","2,229,598,000","903,773,000","1,267,746,000","1,775,481,000","1,831,791,000","3,073,324,000","719,740,000","2,024,521,000","1,379,725,000","750,423,000","820,762,000","671,763,000","343,794,000","179,142,000","209,159,000","155,622,000","3,271,000","0","300,000,000","2,000,000,000","0","0","660,000,000","0","0","33,255,000","71,274,000","84,267,000","51,251,000","90,823,000","31,693,000","30,656,000","15,271,000","11,138,000","15,499,000","29,920,000","0","0","5,846,000","19,622,000","14,532,000"
RepaymentOfDebt,"-1,815,000,000","-588,000,000","-462,000,000","-357,000,000","-408,000,000","-497,000,000","-899,000,000","-402,000,000","-2,068,000,000","-2,706,000,000","-4,297,000,000","-3,467,000,000","-4,145,000,000","-4,192,000,000","-3,461,000,000","-2,033,000,000","-2,515,000,000","-3,745,000,000","-2,064,000,000","-1,891,000,000","-2,171,000,000","-2,426,834,000","-1,125,084,000","-1,022,149,000","-1,512,767,000","-1,586,350,000","-1,063,295,000","-814,895,000","-799,248,000","-195,561,000","-1,111,969,000","-588,825,000","-8,128,000","-130,874,000","-59,005,000","-10,175,000","-3,726,000","-2,477,000","-3,056,000","-3,101,000","-2,545,000","-2,045,000","-2,746,000","-441,752,000","-14,219,000","-13,858,000","-763,000","-492,000","-429,000","-191,000","-96,000","-50,000","-79,000","-82,000","-78,000","-78,000","-77,000","-47,000","-60,000","-94,000","-121,000","-73,000"
FreeCashFlow,"4,357,000,000","2,063,000,000","849,000,000","1,005,000,000","440,000,000","1,420,000,000","3,297,000,000","621,000,000","2,214,000,000","2,771,000,000","1,322,000,000","609,000,000","-1,219,000,000","1,850,000,000","1,374,000,000","398,000,000","-921,000,000","976,000,000","346,000,000","591,000,000","-945,000,000","880,660,000","831,890,000","-806,877,000","-1,127,013,000","-396,252,000","-1,545,289,000","-1,358,084,000","-842,383,000","-1,129,490,000","176,038,000","-144,384,000","-466,464,000","-441,071,000","-595,743,000","-564,681,000","-557,854,000","-455,063,000","-312,171,000","-177,347,000","-82,641,000","40,328,000","25,488,000","-75,813,000","6,352,000","-101,544,000","-163,424,000","-122,267,000","-118,074,000","-81,350,000","-90,335,000","-76,802,000","-63,773,000","-51,432,000","-53,725,000","-30,062,000","-32,801,000","-35,206,000","-25,745,000","-14,693,000","-17,065,000","-22,498,000"